杨湘波老师,Losedemonmooc
杨湘波老师,mooc2008517285950812
杨湘波老师,带翅膀的使者
杨湘波老师,牛因斯坦mooc72
杨湘波老师,如梦mooc114
杨湘波老师,杨枝甘露大杯的
杨湘波老师,落雨烟痕
杨湘波老师,带翅膀的使者
杨湘波老师,带翅膀的使者
杨湘波老师,mooc39664490511707134
杨湘波老师,mooc39664490511707134
杨湘波老师,mooc39664490511707134
杨湘波老师,潘诗莹20172321059
杨湘波老师,mooc1455865765598939
杨湘波老师,mooc1455865765598939
杨湘波老师,努力学习的青年
杨湘波老师,努力学习的青年
杨湘波老师,光实1701-刘思淇
杨湘波老师,他城猫魅
杨湘波老师,他城猫魅
杨湘波老师,欧阳嘉俊
杨湘波老师,遇雪雪霁
杨湘波老师,荆棘王冠mooc7
杨湘波老师,荆棘王冠mooc7
荆棘王冠mooc7,荆棘王冠mooc7
杨湘波老师,mooc1508595529458
杨湘波老师,mooc1508595529458
杨湘波老师,Guamooc4
杨湘波老师,bird2116
杨湘波老师,bird2116
杨湘波老师,卢文平16物理学
杨湘波老师,浩O宇
杨湘波老师,浩O宇
杨湘波老师,hit1172100232宋小欧
杨湘波老师,bird2116
杨湘波老师,bird2116
杨湘波老师,浩O宇
杨湘波老师,浩O宇
杨湘波老师,浩O宇
杨湘波老师,浩O宇
杨湘波老师,mooc70642746701575072
杨湘波老师,bird2116
杨湘波老师,浩O宇
杨湘波老师,浩O宇
杨湘波老师,浩O宇
杨湘波老师,nirvana1989
杨湘波老师,浩O宇
杨湘波老师,浩O宇
浩O宇,浩O宇
浩O宇,浩O宇
杨湘波老师,浩O宇
杨湘波老师,浩O宇
杨湘波老师,浩O宇
杨湘波老师,近而远之
杨湘波老师,近而远之
杨湘波老师,酸柠萌mooc
杨湘波老师,小朋友mooc230
杨湘波老师,小朋友mooc230
杨湘波老师,小朋友mooc230
杨湘波老师,bird2116
杨湘波老师,bird2116
杨湘波老师,bird2116
杨湘波老师,3619988340333
杨湘波老师,njnu22170731
杨湘波老师,njnu22170731
杨湘波老师,mooc1536637474623
杨湘波老师,无盐相兑
杨湘波老师,无盐相兑
杨湘波老师,bird2116
杨湘波老师,xmooc543
杨湘波老师,xmooc543
杨湘波老师,xmooc543
杨湘波老师,xmooc543
杨湘波老师,xmooc543
杨湘波老师,刘一诺mooc1
杨湘波老师,东方帅帅
杨湘波老师,东方帅帅
杨湘波老师,浩O宇
杨湘波老师,浩O宇
杨湘波老师,浩O宇
杨湘波老师,浩O宇
杨湘波老师,沐若玲
杨湘波老师,沐若玲
沐若玲,沐若玲
杨湘波老师,mooc33691826453633980
杨湘波老师,mooc90799850574992745
杨湘波老师,mooc90799850574992745
牛因斯坦mooc72,杨湘波老师
杨湘波老师,杨湘波老师
带翅膀的使者,杨湘波老师
mooc1455865765598939,杨湘波老师
杨湘波老师,杨湘波老师
杨湘波老师,杨湘波老师
努力学习的青年,杨湘波老师
杨湘波老师,杨湘波老师
光实1701-刘思淇,杨湘波老师
杨湘波老师,杨湘波老师
他城猫魅,杨湘波老师
杨湘波老师,杨湘波老师
牛因斯坦mooc72,杨湘波老师
bird2116,杨湘波老师
浩O宇,杨湘波老师
浩O宇,杨湘波老师
bird2116,杨湘波老师
浩O宇,杨湘波老师
浩O宇,杨湘波老师
浩O宇,杨湘波老师
nirvana1989,杨湘波老师
杨湘波老师,杨湘波老师
浩O宇,杨湘波老师
杨湘波老师,杨湘波老师
浩O宇,浩O宇
浩O宇,杨湘波老师
近而远之,杨湘波老师
bird2116,杨湘波老师
无盐相兑,杨湘波老师
bird2116,杨湘波老师
xmooc543,杨湘波老师
东方帅帅,杨湘波老师
杨湘波老师,杨湘波老师
东方帅帅,杨湘波老师
