凡若黄,戴鸿佳
凡若黄,戴鸿佳
凡若黄,mooc18170795676379835
凡若黄,mooc18170795676379835
凡若黄,mooc18170795676379835
黄明喜老师,师-黄瑶
黄明喜老师,师-黄瑶
B师骆妍,师-黄瑶
宪录村小学崔振国,B师古梓良
宪录村小学崔振国,B师古梓良
黄明喜老师,B师古梓良
B师古梓良,B师古梓良
A师林丽欣,hs20190132036
师李渊明,黄明喜
师李渊明,黄明喜
SCNU彭然超20192221191,黄明喜
SCNU彭然超20192221191,黄明喜
B师-黄立信,黄明喜
B师-黄立信,黄明喜
B师朱洛莎,黄明喜
B师朱洛莎,黄明喜
A师黄昌鑫,黄明喜
A师黄昌鑫,黄明喜
A师彭子芸,黄明喜
A师彭子芸,黄明喜
B师陈洁婷,黄明喜
B师陈洁婷,黄明喜
B师张智斌,黄明喜
B师钟晓欢,黄明喜
B师钟晓欢,黄明喜
A师徐子媛,黄明喜
A师徐子媛,黄明喜
B师唐家琪,黄明喜
B师唐家琪,黄明喜
B师曾鹏东,黄明喜
B师曾鹏东,黄明喜
木子阿冬,黄明喜
木子阿冬,黄明喜
B师许嘉兴,黄明喜
B师许嘉兴,黄明喜
B师孙锡浩,黄明喜
B师孙锡浩,黄明喜
B师谭业鸿,黄明喜
B师谭业鸿,黄明喜
A师彭子芸,黄明喜
A师彭子芸,黄明喜
B师陈洁婷,黄明喜
B师陈洁婷,黄明喜
B师黎鑫昊,黄明喜
B师黎鑫昊,黄明喜
黄明喜老师,黄明喜
黄明喜老师,黄明喜
师杨观森,黄明喜
师杨观森,黄明喜
B师何媛,黄明喜
B师何媛,黄明喜
A师方晓玲,黄明喜
B师蔡泽,黄明喜
B师蔡泽,黄明喜
B师韩文婧,黄明喜
B师韩文婧,黄明喜
木子阿冬,黄明喜
木子阿冬,黄明喜
B师方磊,黄明喜
B师方磊,黄明喜
B师孙锡浩,黄明喜
B师孙锡浩,黄明喜
B师黄成超,黄明喜
B师黄成超,黄明喜
B师林丽珍,黄明喜
B师林丽珍,黄明喜
B师陈明明,黄明喜
A师杨婷华,黄明喜
A师杨婷华,黄明喜
ShowingKuan,黄明喜
ShowingKuan,黄明喜
A师黄昌鑫,黄明喜
A师黄昌鑫,黄明喜
A师彭子芸,黄明喜
A师彭子芸,黄明喜
B师-黄立信,黄明喜
B师-黄立信,黄明喜
黄明喜老师,黄明喜
黄明喜老师,黄明喜
B师陈雯雯,黄明喜
B师陈雯雯,黄明喜
B班陈柯睿,黄明喜
B班陈柯睿,黄明喜
A师谭佳,黄明喜
A师谭佳,黄明喜
木子阿冬,黄明喜
A师罗杰雄,黄明喜
A师罗杰雄,黄明喜
B师区瑞珊,黄明喜
B师区瑞珊,黄明喜
A师李才霖,黄明喜
A师李才霖,黄明喜
B师陈咏琪,黄明喜
B师陈咏琪,黄明喜
B师林丽珍,黄明喜
B师林丽珍,黄明喜
B师曾鹏东,黄明喜
B师曾鹏东,黄明喜
B师田紫紫,黄明喜
B师田紫紫,黄明喜
A师陈瑜,黄明喜
B师黄琪淳,黄明喜
B师黄琪淳,黄明喜
B师刘如愿,黄明喜
B师刘如愿,黄明喜
my67958,黄明喜
my67958,黄明喜
B师李颖琳,黄明喜
B师李颖琳,黄明喜
A师彭子芸,黄明喜
A师彭子芸,黄明喜
B师黎鑫昊,黄明喜
B师黎鑫昊,黄明喜
A师谭佳,黄明喜
A师谭佳,黄明喜
师-黄瑶,黄明喜
师-黄瑶,黄明喜
B师韩文婧,黄明喜
B师韩文婧,黄明喜
B师杜鸿仪,黄明喜
B师杜鸿仪,黄明喜
B师区瑞珊,黄明喜
B师区瑞珊,黄明喜
B师田紫紫,黄明喜
华师刘永康,黄明喜
华师刘永康,黄明喜
木子阿冬,黄明喜
木子阿冬,黄明喜
B师林丽珍,黄明喜
B师林丽珍,黄明喜
师李渊明,黄明喜
师李渊明,黄明喜
A师蓝天骏,黄明喜
A师蓝天骏,黄明喜
A师彭子芸,黄明喜
A师彭子芸,黄明喜
B师黎鑫昊,黄明喜
B师黎鑫昊,黄明喜
黄明喜老师,黄明喜
黄明喜老师,黄明喜
B班陈柯睿,黄明喜
B班陈柯睿,黄明喜
A师谭佳,黄明喜
A师谭佳,黄明喜
B师黄成超,黄明喜
scnufx2020廖海燊,黄明喜
scnufx2020廖海燊,黄明喜
B师晏智健,黄明喜
B师晏智健,黄明喜
A师郑晓真,黄明喜
A师郑晓真,黄明喜
B师唐家琪,黄明喜
B师唐家琪,黄明喜
B师邓哲,黄明喜
B师邓哲,黄明喜
木子阿冬,黄明喜
木子阿冬,黄明喜
B师曾鹏东,黄明喜
B师曾鹏东,黄明喜
B师方磊,黄明喜
A师罗杰雄,黄明喜
A师罗杰雄,黄明喜
B师陶雨欣,黄明喜
B师陶雨欣,黄明喜
B师曾钲淏,黄明喜
B师曾钲淏,黄明喜
B师钟立康,黄明喜
B师钟立康,黄明喜
B师钟婧宜,黄明喜
B师郭金烨,王海燕666
B师郭金烨,王海燕666
B师蔡泽,王海燕666
B师蔡泽,王海燕666
A师彭子芸,王海燕666
A师彭子芸,王海燕666
B师林晓欣,王海燕666
B师林晓欣,王海燕666
B师孙锡浩,王海燕666
B师孙锡浩,王海燕666
B师杜鸿仪,王海燕666
B师杜鸿仪,王海燕666
B师庄绿萍,王海燕666
B师庄绿萍,王海燕666
B师区瑞珊,王海燕666
王海燕666,王海燕666
A师彭子芸,黄明喜
A师彭子芸,黄明喜
B师黎鑫昊,黄明喜
B师黎鑫昊,黄明喜
B师张智斌,黄明喜
B师张智斌,黄明喜
A师-张天馨,黄明喜
A师-张天馨,黄明喜
A师蓝天骏,黄明喜
A师蓝天骏,黄明喜
黄明喜老师,黄明喜
黄明喜老师,黄明喜
B师陈忠义,黄明喜
B师陈忠义,黄明喜
B班陈柯睿,黄明喜
A师陈瑜,黄明喜
A师陈瑜,黄明喜
B师李倩瑜,黄明喜
B师李倩瑜,黄明喜
郭娟GJ,黄明喜
郭娟GJ,黄明喜
B师晏智健,黄明喜
B师晏智健,黄明喜
B师蔡芷茵,黄明喜
B师蔡芷茵,黄明喜
A师谭佳,黄明喜
A师谭佳,黄明喜
B师曾鹏东,黄明喜
B师曾鹏东,黄明喜
B师李颖琳,黄明喜
B师巩佳琪,黄明喜
B师巩佳琪,黄明喜
B师周光淼,黄明喜
B师周光淼,黄明喜
王海燕666,黄明喜
王海燕666,黄明喜
B师曾钲淏,黄明喜
B师曾钲淏,黄明喜
a师何曦,黄明喜
a师何曦,黄明喜
B师余晓杨,黄明喜
B师余晓杨,黄明喜
B师雷宇美术学院,黄明喜
B师雷宇美术学院,黄明喜
B师唐家琪,黄明喜
mooc46747775469577765,黄明喜
mooc46747775469577765,黄明喜
B师杨丽珊,黄明喜
B师杨丽珊,黄明喜
木子阿冬,黄明喜
木子阿冬,黄明喜
B师林丽珍,黄明喜
B师林丽珍,黄明喜
B师区瑞珊,黄明喜
B师区瑞珊,黄明喜
B师张雅雯20170421108,黄明喜
B师张雅雯20170421108,黄明喜
B师田紫紫,黄明喜
B师田紫紫,黄明喜
scnufx2021董诗钰,黄明喜
B师张文超,黄明喜
RomeoCornelia,黄明喜
RomeoCornelia,黄明喜
A师彭子芸,黄明喜
A师彭子芸,黄明喜
B师钟立康,黄明喜
B师钟立康,黄明喜
B师韩文婧,黄明喜
B师韩文婧,黄明喜
宪录村小学崔振国,黄明喜
宪录村小学崔振国,黄明喜
师-黄瑶,黄明喜
师-黄瑶,黄明喜
A师杨婷华,黄明喜
A师杨婷华,黄明喜
付树平,黄明喜
B师曾鹏东,黄明喜
B师曾鹏东,黄明喜
B师李颖琳,黄明喜
B师李颖琳,黄明喜
B师钟立康,黄明喜
B师钟立康,黄明喜
B师黄成超,黄明喜
B师黄成超,黄明喜
B班陈柯睿,黄明喜
B班陈柯睿,黄明喜
B师何明丽,黄明喜
B师何明丽,黄明喜
B师陈明明,黄明喜
B师陈明明,黄明喜
B师巩佳琪,黄明喜
A师罗杰雄,黄明喜
A师罗杰雄,黄明喜
B师苏慧兰,黄明喜
B师苏慧兰,黄明喜
B师何媛,黄明喜
B师何媛,黄明喜
B师李佳慧,黄明喜
B师李佳慧,黄明喜
A师_张金晶,黄明喜
A师_张金晶,黄明喜
B师陈炯龙,黄明喜
B师陈炯龙,黄明喜
B师钟婧宜,黄明喜
B师钟婧宜,黄明喜
木子阿冬,黄明喜
B师孙锡浩,黄明喜
B师孙锡浩,黄明喜
B师黄琪淳,黄明喜
B师黄琪淳,黄明喜
SCNU彭然超20192221191,黄明喜
SCNU彭然超20192221191,黄明喜
B师朱洛莎,黄明喜
B师朱洛莎,黄明喜
A师黄昌鑫,黄明喜
A师黄昌鑫,黄明喜
A师彭子芸,黄明喜
A师彭子芸,黄明喜
宪录村小学崔振国,黄明喜
宪录村小学崔振国,黄明喜
流星mooc11582244230631,黄明喜
流星mooc11582244230631,黄明喜
George孤狼,黄明喜
George孤狼,黄明喜
B师-黄立信,黄明喜
B师蔡泽,黄明喜
B师蔡泽,黄明喜
郭娟GJ,黄明喜
郭娟GJ,黄明喜
A师彭沛沛,黄明喜
A师彭沛沛,黄明喜
B师晏智健,黄明喜
B师晏智健,黄明喜
B师蔡芷茵,黄明喜
B师蔡芷茵,黄明喜
B师陈忠义,黄明喜
B师陈忠义,黄明喜
A师谭佳,黄明喜
A师谭佳,黄明喜
木子阿冬,黄明喜
B师陈夏韵,黄明喜
B师陈夏韵,黄明喜
B班陈柯睿,黄明喜
B班陈柯睿,黄明喜
B师陈明明,黄明喜
B师陈明明,黄明喜
王海燕666,黄明喜
王海燕666,黄明喜
B师唐家琪,黄明喜
B师唐家琪,黄明喜
mooc16599132266581747,黄明喜
ShowingKuan,刘淑芳老师
ShowingKuan,刘淑芳老师
B师区瑞珊,刘淑芳老师
B师区瑞珊,刘淑芳老师
yetang89,小弧段
yetang89,赵志强369
汉师周睿,汉师周睿
汉师周睿,汉师周睿
A师彭沛沛,A师罗杰雄
A师彭沛沛,A师罗杰雄
B师古梓良,A师罗杰雄
B师古梓良,A师罗杰雄
A师陈瑜,A师罗杰雄
A师陈瑜,A师罗杰雄
B师郭金烨,A师林丽欣
B师郭金烨,A师林丽欣
B师朱洛莎,A师林丽欣
B师朱洛莎,A师林丽欣
B师古梓良,A师林丽欣
B师古梓良,A师林丽欣
B师邓哲,A师林丽欣
B师邓哲,A师林丽欣
A师陈瑜,A师林丽欣
A师陈瑜,A师林丽欣
郭娟GJ,A师林丽欣
郭娟GJ,A师林丽欣
郭娟GJ,A师林丽欣
B师陶雨欣,A师林丽欣
B师陶雨欣,A师林丽欣
B师巩佳琪,A师林丽欣
B师巩佳琪,A师林丽欣
B师陈夏韵,A师林丽欣
B师陈夏韵,A师林丽欣
B师陈婷,A师刘莹
B师陈婷,A师刘莹
A师陈瑜,A师刘莹
A师陈瑜,A师刘莹
宪录村小学崔振国,A师刘莹
宪录村小学崔振国,A师刘莹
B师苏慧兰,A师刘莹
B师苏慧兰,A师刘莹
B师巩佳琪,A师刘莹
B师古梓良,薛伊果
B师古梓良,薛伊果
师-黄瑶,薛伊果
师-黄瑶,薛伊果
A师陈瑜,薛伊果
A师陈瑜,薛伊果
银素敏,薛伊果
银素敏,薛伊果
师-黄瑶,薛伊果
hs20190132036,薛伊果
B师古梓良,师温林锐
B师古梓良,师温林锐
A师陈瑜,师温林锐
A师陈瑜,师温林锐
华师刘永康,师温林锐
华师刘永康,师温林锐
mooc18138916294826052,B师陈鉴瑜
mooc18138916294826052,B师陈鉴瑜
A师陈瑜,B师陈鉴瑜
A师陈瑜,B师陈鉴瑜
王海燕666,B师陈鉴瑜
王海燕666,B师陈鉴瑜
B师陈思荷,B师陈鉴瑜
B师陈思荷,B师陈鉴瑜
师陈健平,B师陈鉴瑜
B师朱洛莎,B师蔡芷茵
B师朱洛莎,B师蔡芷茵
B师朱洛莎,B师蔡芷茵
A师陈瑜,B师蔡芷茵
A师陈瑜,B师蔡芷茵
B师潘日愉,B师蔡芷茵
B师潘日愉,B师蔡芷茵
B师陈思荷,B师蔡芷茵
B师陈思荷,B师蔡芷茵
师陈健平,B师蔡芷茵
师陈健平,B师蔡芷茵
A师曾小嘉,B师蔡芷茵
A师曾小嘉,B师蔡芷茵
hs20190132036,B师蔡芷茵
hs20190132036,B师蔡芷茵
B师陈雯雯,B师蔡芷茵
B师陈雯雯,B师蔡芷茵
mooc1489564042686,B师蔡芷茵
mooc1489564042686,B师蔡芷茵
mooc1489564042686,B师蔡芷茵
B师古梓良,B师蔡芷茵
B师古梓良,B师蔡芷茵
mooc14845656234383752,B师蔡芷茵
师李渊明,B师雷宇美术学院
师李渊明,B师雷宇美术学院
SCNU彭然超20192221191,B师雷宇美术学院
SCNU彭然超20192221191,B师雷宇美术学院
B师古梓良,B师雷宇美术学院
B师古梓良,B师雷宇美术学院
宪录村小学崔振国,B师雷宇美术学院
宪录村小学崔振国,B师雷宇美术学院
SCNU彭然超20192221191,B师许洁霞
SCNU彭然超20192221191,B师许洁霞
B师朱洛莎,B师许洁霞
B师朱洛莎,B师许洁霞
B师朱洛莎,B师许洁霞
B师朱洛莎,B师许洁霞
师-黄瑶,B师许洁霞
师-黄瑶,B师许洁霞
宪录村小学崔振国,B师许洁霞
宪录村小学崔振国,B师许洁霞
A师陈瑜,B师许洁霞
A师陈瑜,B师许洁霞
B班陈柯睿,B师许洁霞
B班陈柯睿,B师许洁霞
王海燕666,B师许洁霞
A师刘莹,B师许洁霞
A师刘莹,B师许洁霞
B师苏慧兰,B师许洁霞
B师苏慧兰,B师许洁霞
B师冯玲玲,B师许洁霞
B师冯玲玲,B师许洁霞
Engineemooc,B师许洁霞
Engineemooc,B师许洁霞
B师陈夏韵,B师许洁霞
B师陈夏韵,B师许洁霞
B师张佳贤,B师许洁霞
B师张佳贤,B师许洁霞
刘淑芳老师,B师许洁霞
刘淑芳老师,B师许洁霞
刘淑芳老师,B师许洁霞
空谷幽兰mooc322,B师许洁霞
空谷幽兰mooc322,B师许洁霞
B师田紫紫,B师许洁霞
B师田紫紫,B师许洁霞
刘淑芳老师,B师许洁霞
刘淑芳老师,B师许洁霞
B师古梓良,B师许洁霞
B师古梓良,B师许洁霞
B师梁立基,B师许洁霞
B师梁立基,B师许洁霞
B师古梓良,B师张雅雯20170421108
B师古梓良,B师张雅雯20170421108
B师黄成超,B师张雅雯20170421108
B师黄成超,B师张雅雯20170421108
B班陈柯睿,B师张雅雯20170421108
B班陈柯睿,B师张雅雯20170421108
A师刘莹,B师张雅雯20170421108
A师刘莹,B师张雅雯20170421108
师陈健平,B师张雅雯20170421108
师陈健平,B师张雅雯20170421108
B师梁立基,B师张雅雯20170421108
B师梁立基,B师张雅雯20170421108
A师曾小嘉,B师张雅雯20170421108
B师古梓良,A师温定
B师古梓良,A师温定
银素敏,A师温定
银素敏,A师温定
赵志强369,A师郑晓真
赵志强369,A师郑晓真
B师古梓良,A师郑晓真
B师古梓良,A师郑晓真
B师靳雨凡,LISA29
B师靳雨凡,LISA29
B师古梓良,B师靳雨凡
B师古梓良,B师靳雨凡
黄明喜老师,B师靳雨凡
黄明喜老师,B师靳雨凡
B师陈洁婷,B师黄成超
B师陈洁婷,B师黄成超
B师古梓良,B师黄成超
B师古梓良,B师黄成超
B班陈柯睿,B师黄成超
B班陈柯睿,B师黄成超
B班陈柯睿,B师黄成超
B师唐家琪,B师黄成超
B师唐家琪,B师黄成超
B师李倩瑜,B师黄成超
B师李倩瑜,B师黄成超
A师谭佳,B师黄成超
A师谭佳,B师黄成超
A师彭沛沛,B师黄成超
A师彭沛沛,B师黄成超
a师何曦,B师黄成超
a师何曦,B师黄成超
A师林丽欣,B师黄成超
A师林丽欣,B师黄成超
B师梁立基,B师黄成超
B师梁立基,B师黄成超
B师陈思荷,B师黄成超
B师陈思荷,B师黄成超
A师方晓玲,B师黄成超
A师方晓玲,B师黄成超
B师雷宇美术学院,B师黄成超
B师雷宇美术学院,B师黄成超
B师苏慧兰,B师黄成超
B师苏慧兰,B师黄成超
B师张雅雯20170421108,B师黄成超
B师靳雨凡,B师黄成超
B师靳雨凡,B师黄成超
SCNU彭然超20192221191,B师莫金水2017
SCNU彭然超20192221191,B师莫金水2017
B师古梓良,B师莫金水2017
B师古梓良,B师莫金水2017
B师陶雨欣,B师莫金水2017
B师陶雨欣,B师莫金水2017
赵志强369,B师莫金水2017
赵志强369,B师莫金水2017
B师靳雨凡,B师莫金水2017
B师靳雨凡,B师莫金水2017
郭娟GJ,B师莫金水2017
郭娟GJ,B师莫金水2017
枫叶NC,B师莫金水2017
枫叶NC,B师莫金水2017
B师莫金水2017,B师莫金水2017
B师邓哲,A师方晓玲
B师邓哲,A师方晓玲
B师马琪冰,A师方晓玲
B师马琪冰,A师方晓玲
B师何明丽,A师方晓玲
师叶洁文,ET郑文静
师叶洁文,ET郑文静
黄明喜老师,ET郑文静
银素敏,汉师周睿
银素敏,汉师周睿
刘洪贵获嘉,汉师周睿
刘洪贵获嘉,汉师周睿
A师刘莹,汉师周睿
A师刘莹,汉师周睿
B师李桂梅,汉师周睿
B师李桂梅,汉师周睿
B师靳雨凡,汉师周睿
B师靳雨凡,汉师周睿
B师陈咏琪,汉师周睿
B师陈咏琪,汉师周睿
B师马琪冰,汉师周睿
B师马琪冰,汉师周睿
B师许嘉兴,汉师周睿
ET郑文静,汉师周睿
ET郑文静,汉师周睿
RomeoCornelia,汉师周睿
RomeoCornelia,汉师周睿
B师雷宇美术学院,汉师周睿
B师雷宇美术学院,汉师周睿
B师苏慧兰,汉师周睿
B师苏慧兰,汉师周睿
mooc67275129907471031,汉师周睿
mooc67275129907471031,汉师周睿
B师古梓良,闫雪映
B师古梓良,闫雪映
B师靳雨凡,闫雪映
B师靳雨凡,闫雪映
师叶洁文,闫雪映
师叶洁文,闫雪映
B师刘如愿,闫雪映
B师刘如愿,闫雪映
中宁县长山头中学敬彦彬,闫雪映
中宁县长山头中学敬彦彬,闫雪映
scnu姚嘉豪20172721048,16级教育史黄冬冬
scnu姚嘉豪20172721048,16级教育史黄冬冬
汤圆阿,16级教育史黄冬冬
汤圆阿,16级教育史黄冬冬
ET郑文静,16级教育史黄冬冬
ET郑文静,16级教育史黄冬冬
SCNU彭然超20192221191,16级教育史黄冬冬
SCNU彭然超20192221191,16级教育史黄冬冬
SCNU彭然超20192221191,16级教育史黄冬冬
B师吴奕萱,16级教育史黄冬冬
B师吴奕萱,16级教育史黄冬冬
SCNU-20172721018-张嘉茹,16级教育史黄冬冬
SCNU-20172721018-张嘉茹,16级教育史黄冬冬
k1217805522437563058,16级教育史黄冬冬
k1217805522437563058,16级教育史黄冬冬
scnu姚嘉豪20172721048,16级教育史黄冬冬
scnu姚嘉豪20172721048,16级教育史黄冬冬
RomeoCornelia,16级教育史黄冬冬
RomeoCornelia,16级教育史黄冬冬
A师邹珊,16级教育史黄冬冬
A师邹珊,16级教育史黄冬冬
B师林盈,16级教育史黄冬冬
B师林盈,16级教育史黄冬冬
B师李慧琳,16级教育史黄冬冬
B师李慧琳,16级教育史黄冬冬
B师陈永晴,16级教育史黄冬冬
B师陈永晴,16级教育史黄冬冬
A师曾小嘉,16级教育史黄冬冬
A师曾小嘉,16级教育史黄冬冬
王自红,16级教育史黄冬冬
A师李才霖,16级教育史黄冬冬
A师李才霖,16级教育史黄冬冬
B师陈夏韵,16级教育史黄冬冬
B师陈夏韵,16级教育史黄冬冬
A师叶良钒,16级教育史黄冬冬
A师叶良钒,16级教育史黄冬冬
B师谭丞文,16级教育史黄冬冬
B师谭丞文,16级教育史黄冬冬
A师罗烺榛,16级教育史黄冬冬
A师罗烺榛,16级教育史黄冬冬
汉语言石念之20190132037,16级教育史黄冬冬
汉语言石念之20190132037,16级教育史黄冬冬
王祖持,16级教育史黄冬冬
王祖持,16级教育史黄冬冬
A师彭子芸,16级教育史黄冬冬
A师张健昕,16级教育史黄冬冬
A师张健昕,16级教育史黄冬冬
年少不曾轻狂,16级教育史黄冬冬
年少不曾轻狂,16级教育史黄冬冬
流星mooc11582244230631,16级教育史黄冬冬
流星mooc11582244230631,16级教育史黄冬冬
B师钟惠,16级教育史黄冬冬
B师钟惠,16级教育史黄冬冬
谢诗源汉师9班,16级教育史黄冬冬
谢诗源汉师9班,16级教育史黄冬冬
B师冯玲玲,16级教育史黄冬冬
B师冯玲玲,16级教育史黄冬冬
B师谢芷莹,16级教育史黄冬冬
B师谢芷莹,16级教育史黄冬冬
B班林国坤,16级教育史黄冬冬
A师_张金晶,16级教育史黄冬冬
A师_张金晶,16级教育史黄冬冬
b师刘雨纯,16级教育史黄冬冬
b师刘雨纯,16级教育史黄冬冬
A师孙丹,16级教育史黄冬冬
A师孙丹,16级教育史黄冬冬
A师孙丹,16级教育史黄冬冬
枫叶NC,16级教育史黄冬冬
枫叶NC,16级教育史黄冬冬
B师庄绿萍,16级教育史黄冬冬
B师庄绿萍,16级教育史黄冬冬
B师张浩文,16级教育史黄冬冬
B师张浩文,16级教育史黄冬冬
B师邓哲,16级教育史黄冬冬
B师邓哲,16级教育史黄冬冬
黄明喜老师,16级教育史黄冬冬
黄明喜老师,16级教育史黄冬冬
A师邹珊,16级教育史黄冬冬
A师邹珊,16级教育史黄冬冬
A师魏瑶,16级教育史黄冬冬
A师魏瑶,16级教育史黄冬冬
B师张雅雯20170421108,16级教育史黄冬冬
B师张雅雯20170421108,16级教育史黄冬冬
B师吴启迪,16级教育史黄冬冬
B师吴启迪,16级教育史黄冬冬
狮子mooc11582457662792,16级教育史黄冬冬
狮子mooc11582457662792,16级教育史黄冬冬
A师彭沛沛,16级教育史黄冬冬
A师彭沛沛,16级教育史黄冬冬
B师杨丽珊,16级教育史黄冬冬
B师曾钲淏,16级教育史黄冬冬
B师曾钲淏,16级教育史黄冬冬
B师陶雨欣,16级教育史黄冬冬
B师陶雨欣,16级教育史黄冬冬
孙俊坤,16级教育史黄冬冬
孙俊坤,16级教育史黄冬冬
体科欧阳铭,16级教育史黄冬冬
体科欧阳铭,16级教育史黄冬冬
water888,16级教育史黄冬冬
water888,16级教育史黄冬冬
华南师大-20191332066-钟颜,16级教育史黄冬冬
华南师大-20191332066-钟颜,16级教育史黄冬冬
华南师大-20191332066-钟颜,16级教育史黄冬冬
scnufx2020卢凯琪,16级教育史黄冬冬
scnufx2020卢凯琪,16级教育史黄冬冬
B师古梓良,16级教育史黄冬冬
B师古梓良,16级教育史黄冬冬
青翼mooc,16级教育史黄冬冬
青翼mooc,16级教育史黄冬冬
莫芷芊,16级教育史黄冬冬
莫芷芊,16级教育史黄冬冬
B师李奥茹,16级教育史黄冬冬
B师李奥茹,16级教育史黄冬冬
B师陈婷,16级教育史黄冬冬
B师陈婷,16级教育史黄冬冬
师杨观森,16级教育史黄冬冬
师杨观森,16级教育史黄冬冬
B师韩文婧,16级教育史黄冬冬
B师韩文婧,16级教育史黄冬冬
B师彭子雅,16级教育史黄冬冬
B师陈思荷,16级教育史黄冬冬
B师陈思荷,16级教育史黄冬冬
B师欧茵怡,16级教育史黄冬冬
B师欧茵怡,16级教育史黄冬冬
17293226商泽沁,16级教育史黄冬冬
17293226商泽沁,16级教育史黄冬冬
B师梁立基,16级教育史黄冬冬
B师梁立基,16级教育史黄冬冬
B师陈雪仪,16级教育史黄冬冬
B师陈雪仪,16级教育史黄冬冬
B师谭钊炜,16级教育史黄冬冬
B师谭钊炜,16级教育史黄冬冬
薛伊果,16级教育史黄冬冬
薛伊果,16级教育史黄冬冬
A师卢胜文,16级教育史黄冬冬
贠青丽,16级教育史黄冬冬
贠青丽,16级教育史黄冬冬
A师杨星雨,16级教育史黄冬冬
A师杨星雨,16级教育史黄冬冬
A师李文婷,16级教育史黄冬冬
A师李文婷,16级教育史黄冬冬
A师谢昕航,16级教育史黄冬冬
A师谢昕航,16级教育史黄冬冬
A师戴玉莹,16级教育史黄冬冬
A师戴玉莹,16级教育史黄冬冬
临沧小怪兽,16级教育史黄冬冬
临沧小怪兽,16级教育史黄冬冬
师-王婷,16级教育史黄冬冬
师-王婷,16级教育史黄冬冬
B师罗维,16级教育史黄冬冬
宪录村小学崔振国,16级教育史黄冬冬
宪录村小学崔振国,16级教育史黄冬冬
B师郭子铭,16级教育史黄冬冬
B师郭子铭,16级教育史黄冬冬
B师陈琳,16级教育史黄冬冬
B师陈琳,16级教育史黄冬冬
B师许嘉兴,16级教育史黄冬冬
B师许嘉兴,16级教育史黄冬冬
B师陈思荷,16级教育史黄冬冬
B师陈思荷,16级教育史黄冬冬
B师何媛,16级教育史黄冬冬
B师何媛,16级教育史黄冬冬
周彦梅小仙女,16级教育史黄冬冬
周彦梅小仙女,16级教育史黄冬冬
B师陈忠义,16级教育史黄冬冬
郭娟GJ,16级教育史黄冬冬
郭娟GJ,16级教育史黄冬冬
体科谭伟锋,16级教育史黄冬冬
体科谭伟锋,16级教育史黄冬冬
20167228娜拉,16级教育史黄冬冬
20167228娜拉,16级教育史黄冬冬
师洪家梧,16级教育史黄冬冬
师洪家梧,16级教育史黄冬冬
A师卢胜文,16级教育史黄冬冬
A师卢胜文,16级教育史黄冬冬
B师马伊璠,16级教育史黄冬冬
B师马伊璠,16级教育史黄冬冬
A师蔡露月,16级教育史黄冬冬
A师蔡露月,16级教育史黄冬冬
A师徐恩慧,16级教育史黄冬冬
A师-韦贺严,16级教育史黄冬冬
A师-韦贺严,16级教育史黄冬冬
mooc18170795676379835,16级教育史黄冬冬
mooc18170795676379835,16级教育史黄冬冬
scnu-20172721096-林彦汝,16级教育史黄冬冬
scnu-20172721096-林彦汝,16级教育史黄冬冬
B师蔡芷茵,16级教育史黄冬冬
B师蔡芷茵,16级教育史黄冬冬
邱志丰scnu,16级教育史黄冬冬
邱志丰scnu,16级教育史黄冬冬
A师郑晓真,16级教育史黄冬冬
A师郑晓真,16级教育史黄冬冬
A师彭子芸,16级教育史黄冬冬
A师彭子芸,16级教育史黄冬冬
B师雷宇美术学院,16级教育史黄冬冬
谢思媚,16级教育史黄冬冬
谢思媚,16级教育史黄冬冬
教186小教s1811510615,16级教育史黄冬冬
教186小教s1811510615,16级教育史黄冬冬
B师刘如愿,16级教育史黄冬冬
B师刘如愿,16级教育史黄冬冬
A师谭佳,16级教育史黄冬冬
A师谭佳,16级教育史黄冬冬
SCNU-20172721018-张嘉茹,16级教育史黄冬冬
SCNU-20172721018-张嘉茹,16级教育史黄冬冬
B师温婉怡,16级教育史黄冬冬
B师温婉怡,16级教育史黄冬冬
B师黄文静,16级教育史黄冬冬
B师黄文静,16级教育史黄冬冬
B师陈雯雯,16级教育史黄冬冬
锻七mooc,16级教育史黄冬冬
锻七mooc,16级教育史黄冬冬
B师王嘉楠,16级教育史黄冬冬
B师王嘉楠,16级教育史黄冬冬
普应超,16级教育史黄冬冬
普应超,16级教育史黄冬冬
19汉语言文学王兰,16级教育史黄冬冬
19汉语言文学王兰,16级教育史黄冬冬
宁静致远爱琦琦,16级教育史黄冬冬
宁静致远爱琦琦,16级教育史黄冬冬
银素敏,16级教育史黄冬冬
银素敏,16级教育史黄冬冬
B师吴奇孟,16级教育史黄冬冬
B师吴奇孟,16级教育史黄冬冬
TheStarInMySky,16级教育史黄冬冬
mooc1489564042686,16级教育史黄冬冬
mooc1489564042686,16级教育史黄冬冬
B师林丽珍,16级教育史黄冬冬
B师林丽珍,16级教育史黄冬冬
罗周泽让20167231,16级教育史黄冬冬
罗周泽让20167231,16级教育史黄冬冬
B师林晓欣,16级教育史黄冬冬
B师林晓欣,16级教育史黄冬冬
mooc15828756786728075,16级教育史黄冬冬
mooc15828756786728075,16级教育史黄冬冬
A师-张艺译,16级教育史黄冬冬
A师-张艺译,16级教育史黄冬冬
B师丁晓雯,16级教育史黄冬冬
B师丁晓雯,16级教育史黄冬冬
B师陈雪仪,16级教育史黄冬冬
scnufx2020廖海燊,16级教育史黄冬冬
scnufx2020廖海燊,16级教育史黄冬冬
A师方晓玲,16级教育史黄冬冬
A师方晓玲,16级教育史黄冬冬
A师杨雨佳,16级教育史黄冬冬
A师杨雨佳,16级教育史黄冬冬
A师温定,16级教育史黄冬冬
A师温定,16级教育史黄冬冬
A师罗杰雄,16级教育史黄冬冬
A师罗杰雄,16级教育史黄冬冬
B师杨绮华,16级教育史黄冬冬
B师杨绮华,16级教育史黄冬冬
B师赵亮,16级教育史黄冬冬
B师赵亮,16级教育史黄冬冬
B师苏芷莹,16级教育史黄冬冬
心海如镜,16级教育史黄冬冬
心海如镜,16级教育史黄冬冬
B师彭裕铭,16级教育史黄冬冬
B师彭裕铭,16级教育史黄冬冬
B师古梓良,16级教育史黄冬冬
B师古梓良,16级教育史黄冬冬
B师张文超,16级教育史黄冬冬
B师张文超,16级教育史黄冬冬
B师黄琪淳,16级教育史黄冬冬
B师黄琪淳,16级教育史黄冬冬
mooc16599132266581747,16级教育史黄冬冬
mooc16599132266581747,16级教育史黄冬冬
B师张钡,16级教育史黄冬冬
B师张钡,16级教育史黄冬冬
华南师大-20191332066-钟颜,16级教育史黄冬冬
张汐_,16级教育史黄冬冬
张汐_,16级教育史黄冬冬
B师刘雅婧,16级教育史黄冬冬
B师刘雅婧,16级教育史黄冬冬
B师田紫紫,16级教育史黄冬冬
B师田紫紫,16级教育史黄冬冬
B师何明丽,16级教育史黄冬冬
B师何明丽,16级教育史黄冬冬
师-黄瑶,16级教育史黄冬冬
师-黄瑶,16级教育史黄冬冬
B师陈明明,16级教育史黄冬冬
B师陈明明,16级教育史黄冬冬
B师杨钰婷,16级教育史黄冬冬
B师杨钰婷,16级教育史黄冬冬
B师曾钲淏,16级教育史黄冬冬
戴鸿佳,16级教育史黄冬冬
scnu姚嘉豪20172721048,16级教育史黄冬冬
scnu姚嘉豪20172721048,16级教育史黄冬冬
汤圆阿,16级教育史黄冬冬
汤圆阿,16级教育史黄冬冬
SCNU彭然超20192221191,16级教育史黄冬冬
SCNU彭然超20192221191,16级教育史黄冬冬
B师吴奕萱,16级教育史黄冬冬
B师吴奕萱,16级教育史黄冬冬
SCNU-20172721018-张嘉茹,16级教育史黄冬冬
SCNU-20172721018-张嘉茹,16级教育史黄冬冬
k1217805522437563058,16级教育史黄冬冬
k1217805522437563058,16级教育史黄冬冬
hs20190132036,16级教育史黄冬冬
hs20190132036,16级教育史黄冬冬
体科谭伟锋,16级教育史黄冬冬
A师马莉莎,16级教育史黄冬冬
A师马莉莎,16级教育史黄冬冬
B师钟立康,16级教育史黄冬冬
B师钟立康,16级教育史黄冬冬
mooc15828756786728075,16级教育史黄冬冬
mooc15828756786728075,16级教育史黄冬冬
劳丽宁,16级教育史黄冬冬
劳丽宁,16级教育史黄冬冬
劳丽宁,16级教育史黄冬冬
B师林清华,16级教育史黄冬冬
B师林清华,16级教育史黄冬冬
B师张珊珊,16级教育史黄冬冬
B师张珊珊,16级教育史黄冬冬
A师黄昌鑫,16级教育史黄冬冬
A师黄昌鑫,16级教育史黄冬冬
A师彭子芸,16级教育史黄冬冬
A师彭子芸,16级教育史黄冬冬
B师覃家浩,16级教育史黄冬冬
B师覃家浩,16级教育史黄冬冬
B师陈洁婷,16级教育史黄冬冬
B师陈洁婷,16级教育史黄冬冬
B师许洁霞,16级教育史黄冬冬
B师许洁霞,16级教育史黄冬冬
程楚惠,16级教育史黄冬冬
程楚惠,16级教育史黄冬冬
年少不曾轻狂,16级教育史黄冬冬
年少不曾轻狂,16级教育史黄冬冬
流星mooc11582244230631,16级教育史黄冬冬
流星mooc11582244230631,16级教育史黄冬冬
谢诗源汉师9班,16级教育史黄冬冬
mooc49070865124990235,16级教育史黄冬冬
mooc49070865124990235,16级教育史黄冬冬
B师李超韬,16级教育史黄冬冬
B师李超韬,16级教育史黄冬冬
B师-黄立信,16级教育史黄冬冬
B师-黄立信,16级教育史黄冬冬
b师刘雨纯,16级教育史黄冬冬
b师刘雨纯,16级教育史黄冬冬
B师张浩文,16级教育史黄冬冬
B师张浩文,16级教育史黄冬冬
B师邓哲,16级教育史黄冬冬
B师邓哲,16级教育史黄冬冬
历史文化学院2017级滕方微20170421142,16级教育史黄冬冬
历史文化学院2017级滕方微20170421142,16级教育史黄冬冬
a师何曦,16级教育史黄冬冬
TK江子君,16级教育史黄冬冬
TK江子君,16级教育史黄冬冬
B师杨丽珊,16级教育史黄冬冬
B师杨丽珊,16级教育史黄冬冬
A师徐子媛,16级教育史黄冬冬
A师徐子媛,16级教育史黄冬冬
mooc14845656234383752,16级教育史黄冬冬
mooc14845656234383752,16级教育史黄冬冬
A师李文婷,16级教育史黄冬冬
A师李文婷,16级教育史黄冬冬
B师王冰冰,16级教育史黄冬冬
B师王冰冰,16级教育史黄冬冬
B师杨蕾,16级教育史黄冬冬
B师杨蕾,16级教育史黄冬冬
B师曾钲淏,16级教育史黄冬冬
RomeoCornelia,16级教育史黄冬冬
RomeoCornelia,16级教育史黄冬冬
B师陈咏琪,16级教育史黄冬冬
B师陈咏琪,16级教育史黄冬冬
B班陈柯睿,16级教育史黄冬冬
B班陈柯睿,16级教育史黄冬冬
B师陈洁婷,16级教育史黄冬冬
B师陈洁婷,16级教育史黄冬冬
B师古梓良,16级教育史黄冬冬
B师古梓良,16级教育史黄冬冬
B师郭柔敏,16级教育史黄冬冬
B师郭柔敏,16级教育史黄冬冬
青翼mooc,16级教育史黄冬冬
青翼mooc,16级教育史黄冬冬
师杨观森,16级教育史黄冬冬
B师张佳贤,16级教育史黄冬冬
B师张佳贤,16级教育史黄冬冬
师洪家梧,16级教育史黄冬冬
师洪家梧,16级教育史黄冬冬
17293226商泽沁,16级教育史黄冬冬
17293226商泽沁,16级教育史黄冬冬
B师梁立基,16级教育史黄冬冬
B师梁立基,16级教育史黄冬冬
B师-黄诗然,16级教育史黄冬冬
B师-黄诗然,16级教育史黄冬冬
狮子mooc11582457662792,16级教育史黄冬冬
狮子mooc11582457662792,16级教育史黄冬冬
华师刘永康,16级教育史黄冬冬
华师刘永康,16级教育史黄冬冬
mooc18138916294826052,16级教育史黄冬冬
B师李倩瑜,16级教育史黄冬冬
B师李倩瑜,16级教育史黄冬冬
B师唐泽中,16级教育史黄冬冬
B师唐泽中,16级教育史黄冬冬
A师陈瑜,16级教育史黄冬冬
A师陈瑜,16级教育史黄冬冬
TK江子君,16级教育史黄冬冬
TK江子君,16级教育史黄冬冬
枫叶NC,16级教育史黄冬冬
枫叶NC,16级教育史黄冬冬
A师戴玉莹,16级教育史黄冬冬
A师戴玉莹,16级教育史黄冬冬
周彦梅小仙女,16级教育史黄冬冬
周彦梅小仙女,16级教育史黄冬冬
mooc54108292997638584,16级教育史黄冬冬
B师-关祖研,16级教育史黄冬冬
B师-关祖研,16级教育史黄冬冬
17化一曾绮雯20172421022,16级教育史黄冬冬
17化一曾绮雯20172421022,16级教育史黄冬冬
B师蔡芷茵,16级教育史黄冬冬
B师蔡芷茵,16级教育史黄冬冬
A师彭子芸,16级教育史黄冬冬
A师彭子芸,16级教育史黄冬冬
LyiqingQ,16级教育史黄冬冬
LyiqingQ,16级教育史黄冬冬
B师张智斌,16级教育史黄冬冬
B师张智斌,16级教育史黄冬冬
B师杜鸿仪,16级教育史黄冬冬
B师杜鸿仪,16级教育史黄冬冬
师杨麒琛,16级教育史黄冬冬
19汉语言文学王兰,16级教育史黄冬冬
19汉语言文学王兰,16级教育史黄冬冬
B师方磊,16级教育史黄冬冬
B师方磊,16级教育史黄冬冬
17-化教四班-何美欣-20172421044,16级教育史黄冬冬
17-化教四班-何美欣-20172421044,16级教育史黄冬冬
mooc1489564042686,16级教育史黄冬冬
mooc1489564042686,16级教育史黄冬冬
mooc1489564042686,16级教育史黄冬冬
mooc15828756786728075,16级教育史黄冬冬
mooc15828756786728075,16级教育史黄冬冬
B师丁晓雯,16级教育史黄冬冬
B师丁晓雯,16级教育史黄冬冬
B师郭子铭,16级教育史黄冬冬
B师郭子铭,16级教育史黄冬冬
张春芳,16级教育史黄冬冬
张春芳,16级教育史黄冬冬
A师黄昌鑫,16级教育史黄冬冬
A师黄昌鑫,16级教育史黄冬冬
njnu01180221,16级教育史黄冬冬
njnu01180221,16级教育史黄冬冬
赵志强369,16级教育史黄冬冬
赵志强369,16级教育史黄冬冬
A师卢胜文,16级教育史黄冬冬
A师卢胜文,16级教育史黄冬冬
mooc16599132266581747,16级教育史黄冬冬
mooc16599132266581747,16级教育史黄冬冬
A师孙丹,16级教育史黄冬冬
A师孙丹,16级教育史黄冬冬
A师_张金晶,16级教育史黄冬冬
华南师大-20191332066-钟颜,16级教育史黄冬冬
华南师大-20191332066-钟颜,16级教育史黄冬冬
B师欧茵怡,16级教育史黄冬冬
B师欧茵怡,16级教育史黄冬冬
B师莫雪芳,16级教育史黄冬冬
B师莫雪芳,16级教育史黄冬冬
B师梁立基,16级教育史黄冬冬
B师梁立基,16级教育史黄冬冬
B师谭业鸿,16级教育史黄冬冬
B师谭业鸿,16级教育史黄冬冬
A师邹珊,16级教育史黄冬冬
A师邹珊,16级教育史黄冬冬
B师邓惠之,16级教育史黄冬冬
B师邓惠之,16级教育史黄冬冬
体科欧阳铭,16级教育史黄冬冬
B师张钡,16级教育史黄冬冬
B师张钡,16级教育史黄冬冬
SCNU刘嘉纯20192421145,16级教育史黄冬冬
SCNU刘嘉纯20192421145,16级教育史黄冬冬
B师李佳慧,16级教育史黄冬冬
B师李佳慧,16级教育史黄冬冬
刘淑芳老师,16级教育史黄冬冬
刘淑芳老师,16级教育史黄冬冬
B师陈瑶,16级教育史黄冬冬
B师陈瑶,16级教育史黄冬冬
刘洪贵获嘉,16级教育史黄冬冬
刘洪贵获嘉,16级教育史黄冬冬
B师许淑欣,16级教育史黄冬冬
B师许淑欣,16级教育史黄冬冬
B师刘如愿,16级教育史黄冬冬
A师谭佳,16级教育史黄冬冬
A师谭佳,16级教育史黄冬冬
A师周桢婷,16级教育史黄冬冬
A师周桢婷,16级教育史黄冬冬
B师雷宇美术学院,16级教育史黄冬冬
B师雷宇美术学院,16级教育史黄冬冬
邱志丰scnu,16级教育史黄冬冬
邱志丰scnu,16级教育史黄冬冬
B师何媛,16级教育史黄冬冬
B师何媛,16级教育史黄冬冬
B师林琳,16级教育史黄冬冬
B师林琳,16级教育史黄冬冬
B师陈雯雯,16级教育史黄冬冬
B师陈雯雯,16级教育史黄冬冬
罗林苗,16级教育史黄冬冬
B师陶雨欣,16级教育史黄冬冬
B师陶雨欣,16级教育史黄冬冬
scnufx2020卢凯琪,16级教育史黄冬冬
scnufx2020卢凯琪,16级教育史黄冬冬
B师熊思祺,16级教育史黄冬冬
B师熊思祺,16级教育史黄冬冬
b师周珅婧,16级教育史黄冬冬
b师周珅婧,16级教育史黄冬冬
A师-张艺译,16级教育史黄冬冬
A师-张艺译,16级教育史黄冬冬
A师谢昕航,16级教育史黄冬冬
A师谢昕航,16级教育史黄冬冬
B师朱虹勉,16级教育史黄冬冬
B师朱虹勉,16级教育史黄冬冬
mooc17027269728804810,16级教育史黄冬冬
B师杜文棐,16级教育史黄冬冬
B师杜文棐,16级教育史黄冬冬
B师温婉怡,16级教育史黄冬冬
B师温婉怡,16级教育史黄冬冬
宪录村小学崔振国,16级教育史黄冬冬
宪录村小学崔振国,16级教育史黄冬冬
B师晏智健,16级教育史黄冬冬
B师晏智健,16级教育史黄冬冬
付树平,16级教育史黄冬冬
付树平,16级教育史黄冬冬
B师杨绮华,16级教育史黄冬冬
B师杨绮华,16级教育史黄冬冬
B师李颖琳,16级教育史黄冬冬
B师李颖琳,16级教育史黄冬冬
B师钟婧宜,16级教育史黄冬冬
mooc18170795676379835,16级教育史黄冬冬
mooc18170795676379835,16级教育史黄冬冬
谢思媚,16级教育史黄冬冬
谢思媚,16级教育史黄冬冬
B师林丽珍,16级教育史黄冬冬
B师林丽珍,16级教育史黄冬冬
B师许嘉兴,16级教育史黄冬冬
B师许嘉兴,16级教育史黄冬冬
A师-韦贺严,16级教育史黄冬冬
A师-韦贺严,16级教育史黄冬冬
获嘉县凤翔中学岳九菊,16级教育史黄冬冬
获嘉县凤翔中学岳九菊,16级教育史黄冬冬
宁静致远爱琦琦,16级教育史黄冬冬
宁静致远爱琦琦,16级教育史黄冬冬
B师林晓欣,16级教育史黄冬冬
A师杨婷华,16级教育史黄冬冬
A师杨婷华,16级教育史黄冬冬
scnufx2020廖海燊,16级教育史黄冬冬
scnufx2020廖海燊,16级教育史黄冬冬
A师方晓玲,16级教育史黄冬冬
A师方晓玲,16级教育史黄冬冬
A师彭沛沛,16级教育史黄冬冬
A师彭沛沛,16级教育史黄冬冬
A师原芷彤,16级教育史黄冬冬
A师原芷彤,16级教育史黄冬冬
ShowingKuan,16级教育史黄冬冬
ShowingKuan,16级教育史黄冬冬
A师杨雨佳,16级教育史黄冬冬
A师杨雨佳,16级教育史黄冬冬
A师温定,16级教育史黄冬冬
mooc14845656234383752,16级教育史黄冬冬
mooc14845656234383752,16级教育史黄冬冬
B师黄可欣,16级教育史黄冬冬
B师黄可欣,16级教育史黄冬冬
罗周泽让20167231,16级教育史黄冬冬
罗周泽让20167231,16级教育史黄冬冬
B师曾钲淏,16级教育史黄冬冬
B师曾钲淏,16级教育史黄冬冬
突麦仲20167198,16级教育史黄冬冬
突麦仲20167198,16级教育史黄冬冬
B师彭裕铭,16级教育史黄冬冬
B师彭裕铭,16级教育史黄冬冬
贠青丽,16级教育史黄冬冬
贠青丽,16级教育史黄冬冬
陈友13598722745,16级教育史黄冬冬
林智源SCNU,16级教育史黄冬冬
林智源SCNU,16级教育史黄冬冬
B师苏慧兰,16级教育史黄冬冬
B师苏慧兰,16级教育史黄冬冬
张汐_,16级教育史黄冬冬
张汐_,16级教育史黄冬冬
B师刘雅婧,16级教育史黄冬冬
B师刘雅婧,16级教育史黄冬冬
B师陈琳,16级教育史黄冬冬
B师陈琳,16级教育史黄冬冬
B师陈明明,16级教育史黄冬冬
B师陈明明,16级教育史黄冬冬
Yimmana,16级教育史黄冬冬
Yimmana,16级教育史黄冬冬
B师杨钰婷,16级教育史黄冬冬
B师张文超,16级教育史黄冬冬
B师张文超,16级教育史黄冬冬
汤圆阿,16级教育史黄冬冬
汤圆阿,16级教育史黄冬冬
SCNU彭然超20192221191,16级教育史黄冬冬
SCNU彭然超20192221191,16级教育史黄冬冬
B师吴奕萱,16级教育史黄冬冬
B师吴奕萱,16级教育史黄冬冬
SCNU-20172721018-张嘉茹,16级教育史黄冬冬
SCNU-20172721018-张嘉茹,16级教育史黄冬冬
k1217805522437563058,16级教育史黄冬冬
k1217805522437563058,16级教育史黄冬冬
hs20190132036,16级教育史黄冬冬
hs20190132036,16级教育史黄冬冬
B师郭金烨,16级教育史黄冬冬
B师郭金烨,16级教育史黄冬冬
mooc16599132266581747,16级教育史黄冬冬
A师马莉莎,16级教育史黄冬冬
A师马莉莎,16级教育史黄冬冬
mooc15828756786728075,16级教育史黄冬冬
mooc15828756786728075,16级教育史黄冬冬
劳丽宁,16级教育史黄冬冬
劳丽宁,16级教育史黄冬冬
B师张珊珊,16级教育史黄冬冬
B师张珊珊,16级教育史黄冬冬
A师黄昌鑫,16级教育史黄冬冬
A师黄昌鑫,16级教育史黄冬冬
A师李才霖,16级教育史黄冬冬
A师李才霖,16级教育史黄冬冬
B师陈夏韵,16级教育史黄冬冬
B师陈夏韵,16级教育史黄冬冬
B师谭丞文,16级教育史黄冬冬
流星mooc11582244230631,16级教育史黄冬冬
流星mooc11582244230631,16级教育史黄冬冬
谢诗源汉师9班,16级教育史黄冬冬
谢诗源汉师9班,16级教育史黄冬冬
B师覃家浩,16级教育史黄冬冬
B师覃家浩,16级教育史黄冬冬
B师谢芷莹,16级教育史黄冬冬
B师谢芷莹,16级教育史黄冬冬
B师黎霜叶,16级教育史黄冬冬
B师黎霜叶,16级教育史黄冬冬
B师-张梅,16级教育史黄冬冬
B师-张梅,16级教育史黄冬冬
B师杜鸿仪,16级教育史黄冬冬
B师杜鸿仪,16级教育史黄冬冬
B师林清华,16级教育史黄冬冬
历史文化学院2017级滕方微20170421142,16级教育史黄冬冬
历史文化学院2017级滕方微20170421142,16级教育史黄冬冬
B师庄绿萍,16级教育史黄冬冬
B师庄绿萍,16级教育史黄冬冬
B师蔡芷茵,16级教育史黄冬冬
B师蔡芷茵,16级教育史黄冬冬
A师张健昕,16级教育史黄冬冬
A师张健昕,16级教育史黄冬冬
B师宋小花,16级教育史黄冬冬
B师宋小花,16级教育史黄冬冬
TK江子君,16级教育史黄冬冬
TK江子君,16级教育史黄冬冬
LyiqingQ,16级教育史黄冬冬
LyiqingQ,16级教育史黄冬冬
A师徐子媛,16级教育史黄冬冬
B师陈咏琪,16级教育史黄冬冬
B师陈咏琪,16级教育史黄冬冬
B师莫金水2017,16级教育史黄冬冬
B师莫金水2017,16级教育史黄冬冬
B师李倩瑜,16级教育史黄冬冬
B师李倩瑜,16级教育史黄冬冬
B师李倩瑜,16级教育史黄冬冬
RomeoCornelia,16级教育史黄冬冬
RomeoCornelia,16级教育史黄冬冬
B班陈柯睿,16级教育史黄冬冬
B班陈柯睿,16级教育史黄冬冬
B师古梓良,16级教育史黄冬冬
B师古梓良,16级教育史黄冬冬
青翼mooc,16级教育史黄冬冬
青翼mooc,16级教育史黄冬冬
B师郭柔敏,16级教育史黄冬冬
B师郭柔敏,16级教育史黄冬冬
B师唐泽中,16级教育史黄冬冬
B师唐泽中,16级教育史黄冬冬
ET郑文静,16级教育史黄冬冬
ET郑文静,16级教育史黄冬冬
B师张佳贤,16级教育史黄冬冬
B师张佳贤,16级教育史黄冬冬
B师陈欣仪,16级教育史黄冬冬
B师陈欣仪,16级教育史黄冬冬
B师陈思荷,16级教育史黄冬冬
B师陈思荷,16级教育史黄冬冬
17293226商泽沁,16级教育史黄冬冬
17293226商泽沁,16级教育史黄冬冬
B师-黄诗然,16级教育史黄冬冬
A师李文婷,16级教育史黄冬冬
A师李文婷,16级教育史黄冬冬
临沧小怪兽,16级教育史黄冬冬
临沧小怪兽,16级教育史黄冬冬
枫叶NC,16级教育史黄冬冬
枫叶NC,16级教育史黄冬冬
B师罗维,16级教育史黄冬冬
B师罗维,16级教育史黄冬冬
B师彭玉,16级教育史黄冬冬
B师彭玉,16级教育史黄冬冬
B师伍欣仪,16级教育史黄冬冬
B师伍欣仪,16级教育史黄冬冬
B师唐泽中,16级教育史黄冬冬
B师唐泽中,16级教育史黄冬冬
A师陈瑜,16级教育史黄冬冬
郭娟GJ,16级教育史黄冬冬
郭娟GJ,16级教育史黄冬冬
郭娟GJ,16级教育史黄冬冬
a师何曦,16级教育史黄冬冬
a师何曦,16级教育史黄冬冬
17化一曾绮雯20172421022,16级教育史黄冬冬
17化一曾绮雯20172421022,16级教育史黄冬冬
B师林琳,16级教育史黄冬冬
B师林琳,16级教育史黄冬冬
A师彭子芸,16级教育史黄冬冬
A师彭子芸,16级教育史黄冬冬
B师崔咏林,16级教育史黄冬冬
B师崔咏林,16级教育史黄冬冬
付树平,16级教育史黄冬冬
付树平,16级教育史黄冬冬
B师方磊,16级教育史黄冬冬
B师方磊,16级教育史黄冬冬
mooc15862076023880660,16级教育史黄冬冬
mooc15862076023880660,16级教育史黄冬冬
mooc15828756786728075,16级教育史黄冬冬
mooc15828756786728075,16级教育史黄冬冬
B师何玉莹,16级教育史黄冬冬
B师何玉莹,16级教育史黄冬冬
B师古梓良,16级教育史黄冬冬
B师古梓良,16级教育史黄冬冬
B师赵亮,16级教育史黄冬冬
B师赵亮,16级教育史黄冬冬
B班陈柯睿,16级教育史黄冬冬
B班陈柯睿,16级教育史黄冬冬
B师周光淼,16级教育史黄冬冬
宁静致远爱琦琦,16级教育史黄冬冬
宁静致远爱琦琦,16级教育史黄冬冬
B班林国坤,16级教育史黄冬冬
B班林国坤,16级教育史黄冬冬
银素敏,16级教育史黄冬冬
银素敏,16级教育史黄冬冬
A师邹珊,16级教育史黄冬冬
A师邹珊,16级教育史黄冬冬
mooc16952592737943846,16级教育史黄冬冬
mooc16952592737943846,16级教育史黄冬冬
新乡县朗公庙中学-----朱承坡,16级教育史黄冬冬
新乡县朗公庙中学-----朱承坡,16级教育史黄冬冬
体科欧阳铭,16级教育史黄冬冬
体科欧阳铭,16级教育史黄冬冬
B师陈忠义,16级教育史黄冬冬
A师罗任莉,16级教育史黄冬冬
A师罗任莉,16级教育史黄冬冬
宪录村小学崔振国,16级教育史黄冬冬
宪录村小学崔振国,16级教育史黄冬冬
B师晏智健,16级教育史黄冬冬
B师晏智健,16级教育史黄冬冬
赵艳红zyh,16级教育史黄冬冬
赵艳红zyh,16级教育史黄冬冬
B师潘日愉,16级教育史黄冬冬
B师潘日愉,16级教育史黄冬冬
TheStarInMySky,16级教育史黄冬冬
TheStarInMySky,16级教育史黄冬冬
A师周桢婷,16级教育史黄冬冬
A师周桢婷,16级教育史黄冬冬
A师魏瑶,16级教育史黄冬冬
B师莫雪芳,16级教育史黄冬冬
B师莫雪芳,16级教育史黄冬冬
njnu01180221,16级教育史黄冬冬
njnu01180221,16级教育史黄冬冬
突麦仲20167198,16级教育史黄冬冬
突麦仲20167198,16级教育史黄冬冬
刘淑芳老师,16级教育史黄冬冬
刘淑芳老师,16级教育史黄冬冬
B师欧茵怡,16级教育史黄冬冬
B师欧茵怡,16级教育史黄冬冬
B师丁晓雯,16级教育史黄冬冬
B师丁晓雯,16级教育史黄冬冬
汉师罗梓晴,16级教育史黄冬冬
汉师罗梓晴,16级教育史黄冬冬
B师李佳慧,16级教育史黄冬冬
mooc14845656234383752,16级教育史黄冬冬
mooc14845656234383752,16级教育史黄冬冬
B师吴启迪,16级教育史黄冬冬
B师吴启迪,16级教育史黄冬冬
汉师周睿,16级教育史黄冬冬
汉师周睿,16级教育史黄冬冬
劳丽宁,16级教育史黄冬冬
劳丽宁,16级教育史黄冬冬
劳丽宁,16级教育史黄冬冬
SCNU刘嘉纯20192421145,16级教育史黄冬冬
SCNU刘嘉纯20192421145,16级教育史黄冬冬
mooc47351463699023626,16级教育史黄冬冬
mooc47351463699023626,16级教育史黄冬冬
mooc78762065741634270,16级教育史黄冬冬
mooc78762065741634270,16级教育史黄冬冬
谢思媚,16级教育史黄冬冬
谢思媚,16级教育史黄冬冬
B师陈瑶,16级教育史黄冬冬
B师陈瑶,16级教育史黄冬冬
B师吴奇孟,16级教育史黄冬冬
B师吴奇孟,16级教育史黄冬冬
B师陈婷,16级教育史黄冬冬
B师陈婷,16级教育史黄冬冬
B师黄文静,16级教育史黄冬冬
B师黄文静,16级教育史黄冬冬
A师杨星雨,16级教育史黄冬冬
A师杨星雨,16级教育史黄冬冬
A师徐恩慧,16级教育史黄冬冬
A师徐恩慧,16级教育史黄冬冬
B师钟立康,16级教育史黄冬冬
B师林琳,16级教育史黄冬冬
B师林琳,16级教育史黄冬冬
泽达措,16级教育史黄冬冬
泽达措,16级教育史黄冬冬
贠青丽,16级教育史黄冬冬
贠青丽,16级教育史黄冬冬
B师方仪,16级教育史黄冬冬
B师方仪,16级教育史黄冬冬
B师熊思祺,16级教育史黄冬冬
B师熊思祺,16级教育史黄冬冬
B师刘如愿,16级教育史黄冬冬
B师刘如愿,16级教育史黄冬冬
mooc14845656234383752,16级教育史黄冬冬
mooc14845656234383752,16级教育史黄冬冬
A师-张天馨,16级教育史黄冬冬
B师-关祖研,16级教育史黄冬冬
B师-关祖研,16级教育史黄冬冬
宁静致远爱琦琦,16级教育史黄冬冬
宁静致远爱琦琦,16级教育史黄冬冬
B师陈雪仪,16级教育史黄冬冬
B师陈雪仪,16级教育史黄冬冬
B师温婉怡,16级教育史黄冬冬
B师温婉怡,16级教育史黄冬冬
B师区瑞珊,16级教育史黄冬冬
B师区瑞珊,16级教育史黄冬冬
B师彭玉,16级教育史黄冬冬
B师彭玉,16级教育史黄冬冬
薛伊果,16级教育史黄冬冬
薛伊果,16级教育史黄冬冬
B师梁立基,16级教育史黄冬冬
体科彭梦婷,16级教育史黄冬冬
体科彭梦婷,16级教育史黄冬冬
李丽雪,16级教育史黄冬冬
李丽雪,16级教育史黄冬冬
刘洪贵获嘉,16级教育史黄冬冬
刘洪贵获嘉,16级教育史黄冬冬
B师曾钲淏,16级教育史黄冬冬
B师曾钲淏,16级教育史黄冬冬
太行中学张华,16级教育史黄冬冬
太行中学张华,16级教育史黄冬冬
B师杨蕾,16级教育史黄冬冬
B师杨蕾,16级教育史黄冬冬
A师杨雨佳,16级教育史黄冬冬
A师杨雨佳,16级教育史黄冬冬
mooc18170795676379835,16级教育史黄冬冬
师杨麒琛,16级教育史黄冬冬
师杨麒琛,16级教育史黄冬冬
师潘宇浩,16级教育史黄冬冬
师潘宇浩,16级教育史黄冬冬
A师刘莹,16级教育史黄冬冬
A师刘莹,16级教育史黄冬冬
冯芷琳,16级教育史黄冬冬
冯芷琳,16级教育史黄冬冬
罗林苗,16级教育史黄冬冬
罗林苗,16级教育史黄冬冬
师赵一骁,16级教育史黄冬冬
师赵一骁,16级教育史黄冬冬
张汐_,16级教育史黄冬冬
张汐_,16级教育史黄冬冬
B师苏芷莹,16级教育史黄冬冬
师洪家梧,16级教育史黄冬冬
师洪家梧,16级教育史黄冬冬
B师骆妍,16级教育史黄冬冬
B师骆妍,16级教育史黄冬冬
A师杨成磊,16级教育史黄冬冬
A师杨成磊,16级教育史黄冬冬
B师黄可欣,16级教育史黄冬冬
B师黄可欣,16级教育史黄冬冬
A师江晓华,16级教育史黄冬冬
A师江晓华,16级教育史黄冬冬
A师-韦贺严,16级教育史黄冬冬
A师-韦贺严,16级教育史黄冬冬
A师叶良钒,16级教育史黄冬冬
A师叶良钒,16级教育史黄冬冬
罗周泽让20167231,16级教育史黄冬冬
付树平,16级教育史黄冬冬
付树平,16级教育史黄冬冬
A师蓝天骏,16级教育史黄冬冬
A师蓝天骏,16级教育史黄冬冬
scnufx2020廖海燊,16级教育史黄冬冬
scnufx2020廖海燊,16级教育史黄冬冬
ShowingKuan,16级教育史黄冬冬
ShowingKuan,16级教育史黄冬冬
A师原芷彤,16级教育史黄冬冬
A师原芷彤,16级教育史黄冬冬
A师温定,16级教育史黄冬冬
A师温定,16级教育史黄冬冬
心海如镜,16级教育史黄冬冬
心海如镜,16级教育史黄冬冬
A师谢昕航,16级教育史黄冬冬
A师-张艺译,16级教育史黄冬冬
A师-张艺译,16级教育史黄冬冬
B师许淑欣,16级教育史黄冬冬
B师许淑欣,16级教育史黄冬冬
中宁二中历史严秀,16级教育史黄冬冬
中宁二中历史严秀,16级教育史黄冬冬
B师彭裕铭,16级教育史黄冬冬
B师彭裕铭,16级教育史黄冬冬
体科谭伟锋,16级教育史黄冬冬
体科谭伟锋,16级教育史黄冬冬
B师马琪冰,16级教育史黄冬冬
B师马琪冰,16级教育史黄冬冬
B师李桂梅,16级教育史黄冬冬
B师李桂梅,16级教育史黄冬冬
B师马伊璠,16级教育史黄冬冬
B师田紫紫,16级教育史黄冬冬
B师田紫紫,16级教育史黄冬冬
B师陈明明,16级教育史黄冬冬
B师陈明明,16级教育史黄冬冬
许广丰,16级教育史黄冬冬
许广丰,16级教育史黄冬冬
B师杨绮华,16级教育史黄冬冬
B师杨绮华,16级教育史黄冬冬
B师杜文棐,16级教育史黄冬冬
B师杜文棐,16级教育史黄冬冬
A师卢胜文,16级教育史黄冬冬
A师卢胜文,16级教育史黄冬冬
SCNU彭然超20192221191,16级教育史黄冬冬
SCNU彭然超20192221191,16级教育史黄冬冬
B师钟婧宜,16级教育史黄冬冬
Yimmana,16级教育史黄冬冬
Yimmana,16级教育史黄冬冬
B师刘雅婧,16级教育史黄冬冬
B师刘雅婧,16级教育史黄冬冬
B师朱虹勉,16级教育史黄冬冬
B师朱虹勉,16级教育史黄冬冬
B师何明丽,16级教育史黄冬冬
B师何明丽,16级教育史黄冬冬
B师孙锡浩,16级教育史黄冬冬
B师孙锡浩,16级教育史黄冬冬
B师苏慧兰,16级教育史黄冬冬
B师苏慧兰,16级教育史黄冬冬
SCNU彭然超20192221191,16级教育史黄冬冬
SCNU彭然超20192221191,16级教育史黄冬冬
B师吴奕萱,16级教育史黄冬冬
B师吴奕萱,16级教育史黄冬冬
A师原芷彤,16级教育史黄冬冬
A师原芷彤,16级教育史黄冬冬
k1217805522437563058,16级教育史黄冬冬
k1217805522437563058,16级教育史黄冬冬
hs20190132036,16级教育史黄冬冬
hs20190132036,16级教育史黄冬冬
体科谭伟锋,16级教育史黄冬冬
体科谭伟锋,16级教育史黄冬冬
B师何柔月,16级教育史黄冬冬
B师何柔月,16级教育史黄冬冬
B师郭金烨,16级教育史黄冬冬
mooc1489564042686,16级教育史黄冬冬
mooc1489564042686,16级教育史黄冬冬
王自红,16级教育史黄冬冬
王自红,16级教育史黄冬冬
A师马莉莎,16级教育史黄冬冬
A师马莉莎,16级教育史黄冬冬
mooc15828756786728075,16级教育史黄冬冬
mooc15828756786728075,16级教育史黄冬冬
A师李才霖,16级教育史黄冬冬
A师李才霖,16级教育史黄冬冬
B师陈夏韵,16级教育史黄冬冬
B师陈夏韵,16级教育史黄冬冬
A师罗烺榛,16级教育史黄冬冬
A师罗烺榛,16级教育史黄冬冬
王祖持,16级教育史黄冬冬
流星mooc11582244230631,16级教育史黄冬冬
流星mooc11582244230631,16级教育史黄冬冬
George孤狼,16级教育史黄冬冬
George孤狼,16级教育史黄冬冬
B师钟惠,16级教育史黄冬冬
B师钟惠,16级教育史黄冬冬
谢诗源汉师9班,16级教育史黄冬冬
谢诗源汉师9班,16级教育史黄冬冬
B师谢芷莹,16级教育史黄冬冬
B师谢芷莹,16级教育史黄冬冬
B师覃家浩,16级教育史黄冬冬
B师覃家浩,16级教育史黄冬冬
B师区瑞珊,16级教育史黄冬冬
B师区瑞珊,16级教育史黄冬冬
B师黎霜叶,16级教育史黄冬冬
B师邓哲,16级教育史黄冬冬
B师邓哲,16级教育史黄冬冬
a师何曦,16级教育史黄冬冬
a师何曦,16级教育史黄冬冬
B师庄绿萍,16级教育史黄冬冬
B师庄绿萍,16级教育史黄冬冬
A师张健昕,16级教育史黄冬冬
A师张健昕,16级教育史黄冬冬
TK江子君,16级教育史黄冬冬
TK江子君,16级教育史黄冬冬
A师徐子媛,16级教育史黄冬冬
A师徐子媛,16级教育史黄冬冬
B师邓惠之,16级教育史黄冬冬
B师邓惠之,16级教育史黄冬冬
B师王冰冰,16级教育史黄冬冬
B师李倩瑜,16级教育史黄冬冬
B师李倩瑜,16级教育史黄冬冬
RomeoCornelia,16级教育史黄冬冬
RomeoCornelia,16级教育史黄冬冬
B师古梓良,16级教育史黄冬冬
B师古梓良,16级教育史黄冬冬
青翼mooc,16级教育史黄冬冬
青翼mooc,16级教育史黄冬冬
B师彭子雅,16级教育史黄冬冬
B师彭子雅,16级教育史黄冬冬
B师唐泽中,16级教育史黄冬冬
B师唐泽中,16级教育史黄冬冬
B师郭柔敏,16级教育史黄冬冬
B师郭柔敏,16级教育史黄冬冬
17293226商泽沁,16级教育史黄冬冬
mooc8577577726689861,16级教育史黄冬冬
mooc8577577726689861,16级教育史黄冬冬
A师郑晓真,16级教育史黄冬冬
A师郑晓真,16级教育史黄冬冬
A师李文婷,16级教育史黄冬冬
A师李文婷,16级教育史黄冬冬
ShowingKuan,16级教育史黄冬冬
ShowingKuan,16级教育史黄冬冬
17级历史2班梁雅婷,16级教育史黄冬冬
17级历史2班梁雅婷,16级教育史黄冬冬
临沧小怪兽,16级教育史黄冬冬
临沧小怪兽,16级教育史黄冬冬
B师伍欣仪,16级教育史黄冬冬
B师伍欣仪,16级教育史黄冬冬
B师陈欣仪,16级教育史黄冬冬
my67958,16级教育史黄冬冬
my67958,16级教育史黄冬冬
郭娟GJ,16级教育史黄冬冬
郭娟GJ,16级教育史黄冬冬
郭娟GJ,16级教育史黄冬冬
17化一曾绮雯20172421022,16级教育史黄冬冬
17化一曾绮雯20172421022,16级教育史黄冬冬
A师彭子芸,16级教育史黄冬冬
A师彭子芸,16级教育史黄冬冬
A师彭子芸,16级教育史黄冬冬
B师崔咏林,16级教育史黄冬冬
B师崔咏林,16级教育史黄冬冬
mooc16952592737943846,16级教育史黄冬冬
mooc16952592737943846,16级教育史黄冬冬
银素敏,16级教育史黄冬冬
B师赵亮,16级教育史黄冬冬
B师赵亮,16级教育史黄冬冬
B师何玉莹,16级教育史黄冬冬
B师何玉莹,16级教育史黄冬冬
B师古梓良,16级教育史黄冬冬
B师古梓良,16级教育史黄冬冬
B师林清华,16级教育史黄冬冬
B师林清华,16级教育史黄冬冬
B班陈柯睿,16级教育史黄冬冬
B班陈柯睿,16级教育史黄冬冬
张春芳,16级教育史黄冬冬
张春芳,16级教育史黄冬冬
师苏雪莹,16级教育史黄冬冬
师苏雪莹,16级教育史黄冬冬
a师何曦,16级教育史黄冬冬
B师李倩瑜,16级教育史黄冬冬
B师李倩瑜,16级教育史黄冬冬
mooc16952592737943846,16级教育史黄冬冬
mooc16952592737943846,16级教育史黄冬冬
新乡县朗公庙中学-----朱承坡,16级教育史黄冬冬
新乡县朗公庙中学-----朱承坡,16级教育史黄冬冬
体科欧阳铭,16级教育史黄冬冬
体科欧阳铭,16级教育史黄冬冬
泽真措mooc20167199,16级教育史黄冬冬
泽真措mooc20167199,16级教育史黄冬冬
B班陈柯睿,16级教育史黄冬冬
B班陈柯睿,16级教育史黄冬冬
教186小教S1811510621,16级教育史黄冬冬
教186小教S1811510621,16级教育史黄冬冬
LyiqingQ,16级教育史黄冬冬
TheStarInMySky,16级教育史黄冬冬
TheStarInMySky,16级教育史黄冬冬
刘淑芳老师,16级教育史黄冬冬
刘淑芳老师,16级教育史黄冬冬
B师丁晓雯,16级教育史黄冬冬
B师丁晓雯,16级教育史黄冬冬
汉师罗梓晴,16级教育史黄冬冬
汉师罗梓晴,16级教育史黄冬冬
汉语言石念之20190132037,16级教育史黄冬冬
汉语言石念之20190132037,16级教育史黄冬冬
17-化教四班-何美欣-20172421044,16级教育史黄冬冬
17-化教四班-何美欣-20172421044,16级教育史黄冬冬
汉师周睿,16级教育史黄冬冬
汉师周睿,16级教育史黄冬冬
劳丽宁,16级教育史黄冬冬
B师古梓良,16级教育史黄冬冬
B师古梓良,16级教育史黄冬冬
刘淑芳老师,16级教育史黄冬冬
刘淑芳老师,16级教育史黄冬冬
幻影五分钱,16级教育史黄冬冬
幻影五分钱,16级教育史黄冬冬
葛覃mooc4,16级教育史黄冬冬
葛覃mooc4,16级教育史黄冬冬
突麦仲20167198,16级教育史黄冬冬
突麦仲20167198,16级教育史黄冬冬
B师陈炯龙,16级教育史黄冬冬
B师陈炯龙,16级教育史黄冬冬
B师彭玉,16级教育史黄冬冬
B师彭玉,16级教育史黄冬冬
scnu姚嘉豪20172721048,16级教育史黄冬冬
邱志丰scnu,16级教育史黄冬冬
邱志丰scnu,16级教育史黄冬冬
Zoemooc896,16级教育史黄冬冬
Zoemooc896,16级教育史黄冬冬
林智源SCNU,16级教育史黄冬冬
林智源SCNU,16级教育史黄冬冬
B师钟惠,16级教育史黄冬冬
B师钟惠,16级教育史黄冬冬
A师曾小嘉,16级教育史黄冬冬
A师曾小嘉,16级教育史黄冬冬
A师彭沛沛,16级教育史黄冬冬
A师彭沛沛,16级教育史黄冬冬
B师黎霜叶,16级教育史黄冬冬
B师黎霜叶,16级教育史黄冬冬
B师吴启迪,16级教育史黄冬冬
心海如镜,16级教育史黄冬冬
心海如镜,16级教育史黄冬冬
B师陈婷,16级教育史黄冬冬
B师陈婷,16级教育史黄冬冬
A师林丽欣,16级教育史黄冬冬
A师林丽欣,16级教育史黄冬冬
B师张慧格,16级教育史黄冬冬
B师张慧格,16级教育史黄冬冬
A师陈静敏,16级教育史黄冬冬
A师陈静敏,16级教育史黄冬冬
A师孙丹,16级教育史黄冬冬
A师孙丹,16级教育史黄冬冬
师木那瓦尔艾力,16级教育史黄冬冬
师木那瓦尔艾力,16级教育史黄冬冬
B师陈芷筠,16级教育史黄冬冬
A师徐子媛,16级教育史黄冬冬
A师徐子媛,16级教育史黄冬冬
A师周桢婷,16级教育史黄冬冬
A师周桢婷,16级教育史黄冬冬
B班陈柯睿,16级教育史黄冬冬
B班陈柯睿,16级教育史黄冬冬
ET郑文静,16级教育史黄冬冬
ET郑文静,16级教育史黄冬冬
B师郭子铭,16级教育史黄冬冬
B师郭子铭,16级教育史黄冬冬
B师韩文婧,16级教育史黄冬冬
B师韩文婧,16级教育史黄冬冬
B师-关祖研,16级教育史黄冬冬
B师-关祖研,16级教育史黄冬冬
A师杨星雨,16级教育史黄冬冬
B师熊思祺,16级教育史黄冬冬
B师熊思祺,16级教育史黄冬冬
张建坤慕课,16级教育史黄冬冬
张建坤慕课,16级教育史黄冬冬
B师杨丽珊,16级教育史黄冬冬
B师杨丽珊,16级教育史黄冬冬
B师杜鸿仪,16级教育史黄冬冬
B师杜鸿仪,16级教育史黄冬冬
宁静致远爱琦琦,16级教育史黄冬冬
宁静致远爱琦琦,16级教育史黄冬冬
B师晏智健,16级教育史黄冬冬
B师晏智健,16级教育史黄冬冬
mooc16479610210303231,16级教育史黄冬冬
mooc16479610210303231,16级教育史黄冬冬
B师张雅雯20170421108,16级教育史黄冬冬
yzhmooc11582173146933,16级教育史黄冬冬
yzhmooc11582173146933,16级教育史黄冬冬
yzhmooc11582173146933,16级教育史黄冬冬
yzhmooc11582173146933,16级教育史黄冬冬
太行中学张华,16级教育史黄冬冬
太行中学张华,16级教育史黄冬冬
太行中学张华,16级教育史黄冬冬
B师潘日愉,16级教育史黄冬冬
B师潘日愉,16级教育史黄冬冬
太行中学张华,16级教育史黄冬冬
体科谭伟锋,16级教育史黄冬冬
体科谭伟锋,16级教育史黄冬冬
chenrui33,16级教育史黄冬冬
chenrui33,16级教育史黄冬冬
B师曾鹏东,16级教育史黄冬冬
b师周珅婧,16级教育史黄冬冬
b师周珅婧,16级教育史黄冬冬
B师蔡泽,16级教育史黄冬冬
B师蔡泽,16级教育史黄冬冬
B师李桂梅,16级教育史黄冬冬
B师李桂梅,16级教育史黄冬冬
薛伊果,16级教育史黄冬冬
薛伊果,16级教育史黄冬冬
B师杜文棐,16级教育史黄冬冬
B师杜文棐,16级教育史黄冬冬
B师陈琳,16级教育史黄冬冬
B师陈琳,16级教育史黄冬冬
B师宋小花,16级教育史黄冬冬
B师宋小花,16级教育史黄冬冬
B师钟婧宜,16级教育史黄冬冬
泽达措,16级教育史黄冬冬
泽达措,16级教育史黄冬冬
mooc14845656234383752,16级教育史黄冬冬
mooc14845656234383752,16级教育史黄冬冬
A师郑晓真,16级教育史黄冬冬
A师郑晓真,16级教育史黄冬冬
A师徐行万里,16级教育史黄冬冬
A师徐行万里,16级教育史黄冬冬
B师陈咏琪,16级教育史黄冬冬
B师陈咏琪,16级教育史黄冬冬
B师王嘉楠,16级教育史黄冬冬
B师王嘉楠,16级教育史黄冬冬
刘淑芳老师,16级教育史黄冬冬
刘淑芳老师,16级教育史黄冬冬
B师何媛,16级教育史黄冬冬
B师苏芷莹,16级教育史黄冬冬
B师苏芷莹,16级教育史黄冬冬
B师邓惠之,16级教育史黄冬冬
B师邓惠之,16级教育史黄冬冬
A师徐恩慧,16级教育史黄冬冬
A师徐恩慧,16级教育史黄冬冬
陈友13598722745,16级教育史黄冬冬
陈友13598722745,16级教育史黄冬冬
B师许淑欣,16级教育史黄冬冬
B师许淑欣,16级教育史黄冬冬
骆伟联,16级教育史黄冬冬
骆伟联,16级教育史黄冬冬
师杨麒琛,16级教育史黄冬冬
师杨麒琛,16级教育史黄冬冬
A师刘莹,16级教育史黄冬冬
B师温婉怡,16级教育史黄冬冬
B师温婉怡,16级教育史黄冬冬
scnufx2021董诗钰,16级教育史黄冬冬
scnufx2021董诗钰,16级教育史黄冬冬
A师杨婷华,16级教育史黄冬冬
A师杨婷华,16级教育史黄冬冬
B师梁立基,16级教育史黄冬冬
B师梁立基,16级教育史黄冬冬
A师魏瑶,16级教育史黄冬冬
A师魏瑶,16级教育史黄冬冬
a师何曦,16级教育史黄冬冬
a师何曦,16级教育史黄冬冬
A师邹珊,16级教育史黄冬冬
A师邹珊,16级教育史黄冬冬
A师杨成磊,16级教育史黄冬冬
A师罗杰雄,16级教育史黄冬冬
A师罗杰雄,16级教育史黄冬冬
A师方晓玲,16级教育史黄冬冬
A师方晓玲,16级教育史黄冬冬
ShowingKuan,16级教育史黄冬冬
ShowingKuan,16级教育史黄冬冬
B师黄琪淳,16级教育史黄冬冬
B师黄琪淳,16级教育史黄冬冬
A师杨雨佳,16级教育史黄冬冬
A师杨雨佳,16级教育史黄冬冬
A师谭佳,16级教育史黄冬冬
A师谭佳,16级教育史黄冬冬
mooc18170795676379835,16级教育史黄冬冬
mooc18170795676379835,16级教育史黄冬冬
A师谢昕航,16级教育史黄冬冬
张汐_,16级教育史黄冬冬
张汐_,16级教育史黄冬冬
B师谭钊炜,16级教育史黄冬冬
B师谭钊炜,16级教育史黄冬冬
B师马伊璠,16级教育史黄冬冬
B师马伊璠,16级教育史黄冬冬
木子阿冬,16级教育史黄冬冬
木子阿冬,16级教育史黄冬冬
B师曾钲淏,16级教育史黄冬冬
B师曾钲淏,16级教育史黄冬冬
B师林晓欣,16级教育史黄冬冬
B师林晓欣,16级教育史黄冬冬
B师余晓杨,16级教育史黄冬冬
B师余晓杨,16级教育史黄冬冬
B师朱虹勉,16级教育史黄冬冬
20167228娜拉,16级教育史黄冬冬
20167228娜拉,16级教育史黄冬冬
B师彭裕铭,16级教育史黄冬冬
B师彭裕铭,16级教育史黄冬冬
B师张钡,16级教育史黄冬冬
B师张钡,16级教育史黄冬冬
B师骆妍,16级教育史黄冬冬
B师骆妍,16级教育史黄冬冬
B师杨钰婷,16级教育史黄冬冬
B师杨钰婷,16级教育史黄冬冬
B师徐燕燕,16级教育史黄冬冬
B师徐燕燕,16级教育史黄冬冬
mooc1489564042686,16级教育史黄冬冬
mooc1489564042686,16级教育史黄冬冬
mooc1489564042686,16级教育史黄冬冬
空谷幽兰mooc322,16级教育史黄冬冬
空谷幽兰mooc322,16级教育史黄冬冬
B师刘雅婧,16级教育史黄冬冬
B师刘雅婧,16级教育史黄冬冬
B师刘如愿,16级教育史黄冬冬
B师刘如愿,16级教育史黄冬冬
B师田紫紫,16级教育史黄冬冬
B师田紫紫,16级教育史黄冬冬
B师方磊,16级教育史黄冬冬
B师方磊,16级教育史黄冬冬
B师陈明明,16级教育史黄冬冬
B师陈明明,16级教育史黄冬冬
何育欢,16级教育史黄冬冬
何育欢,16级教育史黄冬冬
SCNU彭然超20192221191,16级教育史黄冬冬
SCNU彭然超20192221191,16级教育史黄冬冬
B师吴奕萱,16级教育史黄冬冬
B师吴奕萱,16级教育史黄冬冬
k1217805522437563058,16级教育史黄冬冬
k1217805522437563058,16级教育史黄冬冬
hs20190132036,16级教育史黄冬冬
hs20190132036,16级教育史黄冬冬
体科谭伟锋,16级教育史黄冬冬
体科谭伟锋,16级教育史黄冬冬
B师何柔月,16级教育史黄冬冬
B师何柔月,16级教育史黄冬冬
B师郭金烨,16级教育史黄冬冬
A师曾小嘉,16级教育史黄冬冬
A师曾小嘉,16级教育史黄冬冬
mooc1489564042686,16级教育史黄冬冬
mooc1489564042686,16级教育史黄冬冬
mooc1489564042686,16级教育史黄冬冬
mooc1489564042686,16级教育史黄冬冬
mooc1489564042686,16级教育史黄冬冬
王自红,16级教育史黄冬冬
王自红,16级教育史黄冬冬
A师马莉莎,16级教育史黄冬冬
A师马莉莎,16级教育史黄冬冬
B师冯玲玲,16级教育史黄冬冬
B师冯玲玲,16级教育史黄冬冬
mooc15828756786728075,16级教育史黄冬冬
mooc15828756786728075,16级教育史黄冬冬
B师陈洁婷,16级教育史黄冬冬
B师陈洁婷,16级教育史黄冬冬
A师郑晓真,16级教育史黄冬冬
A师郑晓真,16级教育史黄冬冬
B师许洁霞,16级教育史黄冬冬
B师许洁霞,16级教育史黄冬冬
程楚惠,16级教育史黄冬冬
程楚惠,16级教育史黄冬冬
年少不曾轻狂,16级教育史黄冬冬
年少不曾轻狂,16级教育史黄冬冬
流星mooc11582244230631,16级教育史黄冬冬
流星mooc11582244230631,16级教育史黄冬冬
B师钟惠,16级教育史黄冬冬
B师钟惠,16级教育史黄冬冬
谢诗源汉师9班,16级教育史黄冬冬
A师_张金晶,16级教育史黄冬冬
A师_张金晶,16级教育史黄冬冬
A师-韦贺严,16级教育史黄冬冬
A师-韦贺严,16级教育史黄冬冬
太行中学张华,16级教育史黄冬冬
太行中学张华,16级教育史黄冬冬
A师孙丹,16级教育史黄冬冬
A师孙丹,16级教育史黄冬冬
B师张浩文,16级教育史黄冬冬
B师张浩文,16级教育史黄冬冬
B师曾鹏东,16级教育史黄冬冬
B师曾鹏东,16级教育史黄冬冬
B师吴启迪,16级教育史黄冬冬
B师吴启迪,16级教育史黄冬冬
A师张健昕,16级教育史黄冬冬
B师晏智健,16级教育史黄冬冬
B师晏智健,16级教育史黄冬冬
孙俊坤,16级教育史黄冬冬
孙俊坤,16级教育史黄冬冬
B师陈雯雯,16级教育史黄冬冬
B师陈雯雯,16级教育史黄冬冬
water888,16级教育史黄冬冬
water888,16级教育史黄冬冬
B班林国坤,16级教育史黄冬冬
B班林国坤,16级教育史黄冬冬
B师陈咏琪,16级教育史黄冬冬
B师陈咏琪,16级教育史黄冬冬
B师李倩瑜,16级教育史黄冬冬
B师李倩瑜,16级教育史黄冬冬
B师古梓良,16级教育史黄冬冬
mooc47422165728334708,16级教育史黄冬冬
mooc47422165728334708,16级教育史黄冬冬
B师-黄诗然,16级教育史黄冬冬
B师-黄诗然,16级教育史黄冬冬
mooc47370883201695346,16级教育史黄冬冬
mooc47370883201695346,16级教育史黄冬冬
师潘宇浩,16级教育史黄冬冬
师潘宇浩,16级教育史黄冬冬
华师刘永康,16级教育史黄冬冬
华师刘永康,16级教育史黄冬冬
mooc18138916294826052,16级教育史黄冬冬
mooc18138916294826052,16级教育史黄冬冬
mooc8577577726689861,16级教育史黄冬冬
mooc8577577726689861,16级教育史黄冬冬
A师李文婷,16级教育史黄冬冬
A师陈瑜,16级教育史黄冬冬
A师陈瑜,16级教育史黄冬冬
TK江子君,16级教育史黄冬冬
TK江子君,16级教育史黄冬冬
B师谭丞文,16级教育史黄冬冬
B师谭丞文,16级教育史黄冬冬
B师谭丞文,16级教育史黄冬冬
周彦梅小仙女,16级教育史黄冬冬
周彦梅小仙女,16级教育史黄冬冬
普应超,16级教育史黄冬冬
普应超,16级教育史黄冬冬
mooc54108292997638584,16级教育史黄冬冬
mooc54108292997638584,16级教育史黄冬冬
my67958,16级教育史黄冬冬
my67958,16级教育史黄冬冬
银素敏,16级教育史黄冬冬
银素敏,16级教育史黄冬冬
锻七mooc,16级教育史黄冬冬
锻七mooc,16级教育史黄冬冬
George孤狼,16级教育史黄冬冬
George孤狼,16级教育史黄冬冬
普应超,16级教育史黄冬冬
普应超,16级教育史黄冬冬
19汉语言文学王兰,16级教育史黄冬冬
19汉语言文学王兰,16级教育史黄冬冬
狮子mooc11582457662792,16级教育史黄冬冬
狮子mooc11582457662792,16级教育史黄冬冬
七月mooc11583366674788,16级教育史黄冬冬
七月mooc11583366674788,16级教育史黄冬冬
mooc15828756786728075,16级教育史黄冬冬
B师林清华,16级教育史黄冬冬
B师林清华,16级教育史黄冬冬
B班陈柯睿,16级教育史黄冬冬
B班陈柯睿,16级教育史黄冬冬
张春芳,16级教育史黄冬冬
张春芳,16级教育史黄冬冬
师苏雪莹,16级教育史黄冬冬
师苏雪莹,16级教育史黄冬冬
a师何曦,16级教育史黄冬冬
a师何曦,16级教育史黄冬冬
mooc16599132266581747,16级教育史黄冬冬
mooc16599132266581747,16级教育史黄冬冬
戴鸿佳,16级教育史黄冬冬
戴鸿佳,16级教育史黄冬冬
mooc84680032164586710,16级教育史黄冬冬
宪录村小学崔振国,16级教育史黄冬冬
宪录村小学崔振国,16级教育史黄冬冬
njnu08180108,16级教育史黄冬冬
njnu08180108,16级教育史黄冬冬
A师徐子媛,16级教育史黄冬冬
A师徐子媛,16级教育史黄冬冬
刘淑芳老师,16级教育史黄冬冬
刘淑芳老师,16级教育史黄冬冬
B师丁晓雯,16级教育史黄冬冬
B师丁晓雯,16级教育史黄冬冬
汉师罗梓晴,16级教育史黄冬冬
汉师罗梓晴,16级教育史黄冬冬
17-化教四班-何美欣-20172421044,16级教育史黄冬冬
17-化教四班-何美欣-20172421044,16级教育史黄冬冬
劳丽宁,16级教育史黄冬冬
B师古梓良,16级教育史黄冬冬
B师古梓良,16级教育史黄冬冬
A师林丽欣,16级教育史黄冬冬
A师林丽欣,16级教育史黄冬冬
B师区瑞珊,16级教育史黄冬冬
B师区瑞珊,16级教育史黄冬冬
B师彭玉,16级教育史黄冬冬
B师彭玉,16级教育史黄冬冬
B师靳雨凡,16级教育史黄冬冬
B师靳雨凡,16级教育史黄冬冬
体科彭梦婷,16级教育史黄冬冬
体科彭梦婷,16级教育史黄冬冬
汤圆阿,16级教育史黄冬冬
汤圆阿,16级教育史黄冬冬
心海如镜,16级教育史黄冬冬
A师彭沛沛,16级教育史黄冬冬
A师彭沛沛,16级教育史黄冬冬
赵志强369,16级教育史黄冬冬
赵志强369,16级教育史黄冬冬
捌玖mooc11582170747790,16级教育史黄冬冬
捌玖mooc11582170747790,16级教育史黄冬冬
葛覃mooc4,16级教育史黄冬冬
葛覃mooc4,16级教育史黄冬冬
SCNU彭然超20192221191,16级教育史黄冬冬
SCNU彭然超20192221191,16级教育史黄冬冬
mooc46473146872459274,16级教育史黄冬冬
mooc46473146872459274,16级教育史黄冬冬
B师钟惠,16级教育史黄冬冬
B师钟惠,16级教育史黄冬冬
B师陈洁婷,16级教育史黄冬冬
太行中学张华,16级教育史黄冬冬
太行中学张华,16级教育史黄冬冬
太行中学张华,16级教育史黄冬冬
A师卢胜文,16级教育史黄冬冬
A师卢胜文,16级教育史黄冬冬
A师陈静敏,16级教育史黄冬冬
A师陈静敏,16级教育史黄冬冬
中宁二中历史严秀,16级教育史黄冬冬
中宁二中历史严秀,16级教育史黄冬冬
B师陈鉴瑜,16级教育史黄冬冬
B师陈鉴瑜,16级教育史黄冬冬
B师冯玲玲,16级教育史黄冬冬
B师冯玲玲,16级教育史黄冬冬
mooc16479610210303231,16级教育史黄冬冬
mooc16479610210303231,16级教育史黄冬冬
yzhmooc11582173146933,16级教育史黄冬冬
yzhmooc11582173146933,16级教育史黄冬冬
太行中学张华,16级教育史黄冬冬
太行中学张华,16级教育史黄冬冬
太行中学张华,16级教育史黄冬冬
B师潘日愉,16级教育史黄冬冬
B师潘日愉,16级教育史黄冬冬
太行中学张华,16级教育史黄冬冬
师-王婷,16级教育史黄冬冬
师-王婷,16级教育史黄冬冬
mooc14845656234383752,16级教育史黄冬冬
mooc14845656234383752,16级教育史黄冬冬
薛伊果,16级教育史黄冬冬
薛伊果,16级教育史黄冬冬
B师崔咏林,16级教育史黄冬冬
B师陈永晴,16级教育史黄冬冬
B师陈永晴,16级教育史黄冬冬
B师许洁霞,16级教育史黄冬冬
B师许洁霞,16级教育史黄冬冬
chenrui33,16级教育史黄冬冬
chenrui33,16级教育史黄冬冬
B师郭子铭,16级教育史黄冬冬
B师郭子铭,16级教育史黄冬冬
A师刘莹,16级教育史黄冬冬
A师刘莹,16级教育史黄冬冬
a师何曦,16级教育史黄冬冬
a师何曦,16级教育史黄冬冬
A师杨成磊,16级教育史黄冬冬
A师杨成磊,16级教育史黄冬冬
谢思媚,16级教育史黄冬冬
20167228娜拉,16级教育史黄冬冬
20167228娜拉,16级教育史黄冬冬
Yimmana,16级教育史黄冬冬
Yimmana,16级教育史黄冬冬
B师杨蕾,16级教育史黄冬冬
B师杨蕾,16级教育史黄冬冬
师陈健平,16级教育史黄冬冬
师陈健平,16级教育史黄冬冬
B师吴奇孟,16级教育史黄冬冬
B师吴奇孟,16级教育史黄冬冬
B师杨丽珊,16级教育史黄冬冬
B师杨丽珊,16级教育史黄冬冬
mooc1489564042686,16级教育史黄冬冬
mooc1489564042686,16级教育史黄冬冬
mooc1489564042686,16级教育史黄冬冬
付树平,16级教育史黄冬冬
付树平,16级教育史黄冬冬
空谷幽兰mooc322,16级教育史黄冬冬
空谷幽兰mooc322,16级教育史黄冬冬
陈友13598722745,16级教育史黄冬冬
陈友13598722745,16级教育史黄冬冬
mooc同州,16级教育史黄冬冬
mooc同州,16级教育史黄冬冬
TheStarInMySky,16级教育史黄冬冬
TheStarInMySky,16级教育史黄冬冬
A师黄昌鑫,16级教育史黄冬冬
A师黄昌鑫,16级教育史黄冬冬
B师古梓良,16级教育史黄冬冬
B师古梓良,16级教育史黄冬冬
B师古梓良,16级教育史黄冬冬
scnu-20172721096-林彦汝,16级教育史黄冬冬
scnu-20172721096-林彦汝,16级教育史黄冬冬
李丽雪,16级教育史黄冬冬
李丽雪,16级教育史黄冬冬
B师谭业鸿,16级教育史黄冬冬
B师谭业鸿,16级教育史黄冬冬
A师杨婷华,16级教育史黄冬冬
A师杨婷华,16级教育史黄冬冬
A师蔡露月,16级教育史黄冬冬
A师蔡露月,16级教育史黄冬冬
ShowingKuan,16级教育史黄冬冬
ShowingKuan,16级教育史黄冬冬
师叶洁文,16级教育史黄冬冬
师叶洁文,16级教育史黄冬冬
B师谭钊炜,16级教育史黄冬冬
枫叶NC,16级教育史黄冬冬
枫叶NC,16级教育史黄冬冬
枫叶NC,16级教育史黄冬冬
SCNU刘嘉纯20192421145,16级教育史黄冬冬
SCNU刘嘉纯20192421145,16级教育史黄冬冬
LISA29,16级教育史黄冬冬
LISA29,16级教育史黄冬冬
赵艳红zyh,16级教育史黄冬冬
赵艳红zyh,16级教育史黄冬冬
mooc16952592737943846,16级教育史黄冬冬
mooc16952592737943846,16级教育史黄冬冬
B师张珊珊,16级教育史黄冬冬
B师张珊珊,16级教育史黄冬冬
郭娟GJ,16级教育史黄冬冬
郭娟GJ,16级教育史黄冬冬
B师邓惠之,16级教育史黄冬冬
B师邓惠之,16级教育史黄冬冬
B师陈忠义,16级教育史黄冬冬
B师陈忠义,16级教育史黄冬冬
罗周泽让20167231,16级教育史黄冬冬
罗周泽让20167231,16级教育史黄冬冬
枫叶NC,16级教育史黄冬冬
枫叶NC,16级教育史黄冬冬
B师陈雯雯,16级教育史黄冬冬
B师陈雯雯,16级教育史黄冬冬
1811510106方舟YCTU,16级教育史黄冬冬
1811510106方舟YCTU,16级教育史黄冬冬
B师李佳慧,16级教育史黄冬冬
B师李佳慧,16级教育史黄冬冬
杨忠泽郎,16级教育史黄冬冬
巴措20167203,16级教育史黄冬冬
巴措20167203,16级教育史黄冬冬
B师钟立康,16级教育史黄冬冬
B师钟立康,16级教育史黄冬冬
B师钟立康,16级教育史黄冬冬
B师钟立康,16级教育史黄冬冬
B师钟立康,16级教育史黄冬冬
B师钟立康,16级教育史黄冬冬
B师许嘉兴,16级教育史黄冬冬
B师许嘉兴,16级教育史黄冬冬
B师苏芷莹,16级教育史黄冬冬
B师苏芷莹,16级教育史黄冬冬
贠青丽,16级教育史黄冬冬
贠青丽,16级教育史黄冬冬
B师周光淼,16级教育史黄冬冬
B师陈婷,16级教育史黄冬冬
B师陈婷,16级教育史黄冬冬
ET郑文静,16级教育史黄冬冬
ET郑文静,16级教育史黄冬冬
B师罗维,16级教育史黄冬冬
B师罗维,16级教育史黄冬冬
k1217805522437563058,16级教育史黄冬冬
k1217805522437563058,16级教育史黄冬冬
师洪家梧,16级教育史黄冬冬
师洪家梧,16级教育史黄冬冬
B师王嘉楠,16级教育史黄冬冬
B师王嘉楠,16级教育史黄冬冬
骆伟联,16级教育史黄冬冬
骆伟联,16级教育史黄冬冬
B师梁立基,16级教育史黄冬冬
B师杜文棐,16级教育史黄冬冬
B师杜文棐,16级教育史黄冬冬
汉师周睿,16级教育史黄冬冬
汉师周睿,16级教育史黄冬冬
B师黄琪淳,16级教育史黄冬冬
B师黄琪淳,16级教育史黄冬冬
张建坤慕课,16级教育史黄冬冬
张建坤慕课,16级教育史黄冬冬
B师彭裕铭,16级教育史黄冬冬
B师彭裕铭,16级教育史黄冬冬
A师方晓玲,16级教育史黄冬冬
A师方晓玲,16级教育史黄冬冬
B师张佳贤,16级教育史黄冬冬
B师张佳贤,16级教育史黄冬冬
A师-张艺译,16级教育史黄冬冬
B师韩文婧,16级教育史黄冬冬
B师韩文婧,16级教育史黄冬冬
张汐_,16级教育史黄冬冬
张汐_,16级教育史黄冬冬
scnufx2021董诗钰,16级教育史黄冬冬
scnufx2021董诗钰,16级教育史黄冬冬
A师罗任莉,16级教育史黄冬冬
A师罗任莉,16级教育史黄冬冬
B师区瑞珊,16级教育史黄冬冬
B师区瑞珊,16级教育史黄冬冬
A师徐行万里,16级教育史黄冬冬
A师徐行万里,16级教育史黄冬冬
张汐_,16级教育史黄冬冬
张汐_,16级教育史黄冬冬
张汐_,16级教育史黄冬冬
A师原芷彤,16级教育史黄冬冬
A师原芷彤,16级教育史黄冬冬
师-黄瑶,16级教育史黄冬冬
师-黄瑶,16级教育史黄冬冬
A师蔡亦凡,16级教育史黄冬冬
A师蔡亦凡,16级教育史黄冬冬
A师-韦贺严,16级教育史黄冬冬
A师-韦贺严,16级教育史黄冬冬
A师-张天馨,16级教育史黄冬冬
A师-张天馨,16级教育史黄冬冬
A师蔡露月,16级教育史黄冬冬
A师蔡露月,16级教育史黄冬冬
A师蔡露月,16级教育史黄冬冬
A师江晓华,16级教育史黄冬冬
A师江晓华,16级教育史黄冬冬
B师陶雨欣,16级教育史黄冬冬
B师陶雨欣,16级教育史黄冬冬
B师杨丽珊,16级教育史黄冬冬
B师杨丽珊,16级教育史黄冬冬
B师庄绿萍,16级教育史黄冬冬
B师庄绿萍,16级教育史黄冬冬
A生物流,16级教育史黄冬冬
A生物流,16级教育史黄冬冬
B师邓哲,16级教育史黄冬冬
B师邓哲,16级教育史黄冬冬
B师陈瑶,16级教育史黄冬冬
B师陈瑶,16级教育史黄冬冬
A师杨星雨,16级教育史黄冬冬
A师杨星雨,16级教育史黄冬冬
B师李奥茹,16级教育史黄冬冬
刘洪贵获嘉,16级教育史黄冬冬
刘洪贵获嘉,16级教育史黄冬冬
LyiqingQ,16级教育史黄冬冬
LyiqingQ,16级教育史黄冬冬
B师方磊,16级教育史黄冬冬
B师方磊,16级教育史黄冬冬
B师杨钰婷,16级教育史黄冬冬
B师杨钰婷,16级教育史黄冬冬
太行中学张华,16级教育史黄冬冬
太行中学张华,16级教育史黄冬冬
B师巩佳琪,16级教育史黄冬冬
B师巩佳琪,16级教育史黄冬冬
B师何媛,16级教育史黄冬冬
B师何媛,16级教育史黄冬冬
B师靳雨凡,16级教育史黄冬冬
中宁县长山头中学敬彦彬,16级教育史黄冬冬
中宁县长山头中学敬彦彬,16级教育史黄冬冬
中宁县长山头中学敬彦彬,16级教育史黄冬冬
中宁县长山头中学敬彦彬,16级教育史黄冬冬
中宁县长山头中学敬彦彬,16级教育史黄冬冬
B师苏慧兰,16级教育史黄冬冬
B师苏慧兰,16级教育史黄冬冬
B师徐燕燕,16级教育史黄冬冬
B师徐燕燕,16级教育史黄冬冬
B师田紫紫,16级教育史黄冬冬
B师田紫紫,16级教育史黄冬冬
B师陈雪仪,16级教育史黄冬冬
B师陈雪仪,16级教育史黄冬冬
B师朱虹勉,16级教育史黄冬冬
B师朱虹勉,16级教育史黄冬冬
B师孙锡浩,16级教育史黄冬冬
B师孙锡浩,16级教育史黄冬冬
B师钟婧宜,16级教育史黄冬冬
B师钟婧宜,16级教育史黄冬冬
B师张文超,16级教育史黄冬冬
师-黄瑶,黄明喜老师
黄明喜老师,黄明喜老师
scnufx2021董诗钰,scnufx2021董诗钰
黄明喜老师,B师-黄立信
黄明喜老师,B师蔡泽
黄明喜老师,B师蔡泽
黄明喜老师,郭娟GJ
A师罗杰雄,A师陈瑜
B师陈鉴瑜,王海燕666
B师陈鉴瑜,B师陈思荷
B师陈鉴瑜,B师陈思荷
B师陈鉴瑜,师陈健平
B师雷宇美术学院,宪录村小学崔振国
B师雷宇美术学院,宪录村小学崔振国
A师温定,银素敏
LISA29,B师靳雨凡
B师靳雨凡,黄明喜老师
ET郑文静,师叶洁文
ET郑文静,黄明喜老师
A师邹珊,ET郑文静
mooc67275129907471031,B师雷宇美术学院
A师杨婷华,B师靳雨凡
mooc67275129907471031,中宁县长山头中学敬彦彬
王自红,黄明喜老师
太行中学张华,scnu-20172721096-林彦汝
银素敏,B师温婉怡
太行中学张华,普应超
太行中学张华,B师林丽珍
银素敏,B师方磊
太行中学张华,B师张钡
太行中学张华,刘淑芳老师
太行中学张华,付树平
太行中学张华,B师林丽珍
银素敏,B师方磊
mooc46845693045802658,体科欧阳铭
银素敏,体科欧阳铭
太行中学张华,突麦仲20167198
黄明喜老师,汉师罗梓晴
太行中学张华,李丽雪
B师郭柔敏,青翼mooc
银素敏,A师彭子芸
银素敏,银素敏
太行中学张华,心海如镜
B师邓惠之,B师杨丽珊
太行中学张华,太行中学张华
太行中学张华,b师周珅婧
银素敏,锻七mooc
乙云东周,B师李佳慧
乙云东周,B师钟立康
乙云东周,B师许嘉兴
太行中学张华,B师陈雪仪
银素敏,B师陈雪仪
