刘昊妍,于佳
kikimooc340,辛志锋
kikimooc340,辛志锋
kikimooc340,澄沫0415
kikimooc340,xiaomingHan
kikimooc340,ykt1512954962545
mooc70495562977183488,阮子芸
mooc70495562977183488,阮子芸
丰城中专魏鹏,党雪妮
小金贝贝,子灿华
小金贝贝,子灿华
小金贝贝,子灿华
mooc70495562977183488,子灿华
mooc70495562977183488,子灿华
小金贝贝,子灿华
子灿华,子灿华
子灿华,子灿华
小金贝贝,鲁晓燕额
女孩简单,赵桂莲
小金贝贝,赵桂莲
中德-徐纯,赵桂莲
中德-徐纯,赵桂莲
中德-徐纯,赵桂莲
小金贝贝,赵桂莲
小金贝贝,mooc79987765393936217
小金贝贝,mooc79987765393936217
kikimooc340,田莺
kikimooc340,田莺
17教技杨坤,澄沫0415
17教技杨坤,澄沫0415
方丽莉,mooc1535940404835王仁飞
方丽莉,mooc1535940404835王仁飞
ascherrygirl,mooc1535940404835王仁飞
ascherrygirl,mooc1535940404835王仁飞
kikimooc340,余柱梅
kikimooc340,余柱梅
方丽莉,Pusumooc1458606484388
左茂红,左茂红
左茂红,左茂红
丰城中专魏鹏,SCNU19级钟扬
丰城中专魏鹏,SCNU19级钟扬
小金贝贝,SCNU19级钟扬
小金贝贝,SCNU19级钟扬
方丽莉,SCNU19级钟扬
方丽莉,鸟大翼ykt57854109504509648
方丽莉,鸟大翼ykt57854109504509648
mooc70495562977183488,鸟大翼ykt57854109504509648
kikimooc340,mooc1535940404835王仁飞
kikimooc340,mooc1535940404835王仁飞
丰城中专魏鹏,mooc1535940404835王仁飞
丰城中专魏鹏,mooc1535940404835王仁飞
樱桃小新新,mooc1535940404835王仁飞
樱桃小新新,mooc1535940404835王仁飞
左茂红,mooc1535940404835王仁飞
左茂红,mooc1535940404835王仁飞
方丽莉,郭敏Phoebe
方丽莉,郭敏Phoebe
墨色瑾年一世清欢,郭敏Phoebe
墨色瑾年一世清欢,郭敏Phoebe
方丽莉,郭敏Phoebe
方丽莉,郭敏Phoebe
kikimooc340,郭敏Phoebe
kikimooc340,泥泞留迹
方丽莉,文子mooc166
方丽莉,文子mooc166
文子mooc166,文子mooc166
方丽莉,包剑舒
方丽莉,包剑舒
女孩简单,包剑舒
女孩简单,包剑舒
墨色瑾年一世清欢,包剑舒
墨色瑾年一世清欢,包剑舒
方丽莉,mooc1886057588605195
方丽莉,mooc1886057588605195
kikimooc340,mooc1633081544357989
kikimooc340,mooc1633081544357989
墨色瑾年一世清欢,mooc1748510264703023
墨色瑾年一世清欢,mooc1748510264703023
余柱梅,mooc1748510264703023
余柱梅,mooc1748510264703023
赵桂莲,mooc1748510264703023
赵桂莲,mooc1748510264703023
浮生k122082020101857751,新乡凤泉郭柳小学张素芬
浮生k122082020101857751,新乡凤泉郭柳小学张素芬
小金贝贝,广职院谭雄辉
小金贝贝,广职院谭雄辉
樱桃小新新,广职院谭雄辉
kikimooc340,烟工职院隋志远
kikimooc340,七道泉子小学王旭
丰城中专魏鹏,七道泉子小学王旭
丰城中专魏鹏,七道泉子小学王旭
左茂红,七道泉子小学王旭
左茂红,七道泉子小学王旭
杨秋霜霜,七道泉子小学王旭
杨秋霜霜,七道泉子小学王旭
经常过来学习,七道泉子小学王旭
经常过来学习,七道泉子小学王旭
小金贝贝,七道泉子小学王旭
小金贝贝,七道泉子小学王旭
kikimooc340,七道泉子小学王旭
左茂红,七道泉子小学王旭
左茂红,七道泉子小学王旭
杨秋霜霜,七道泉子小学王旭
杨秋霜霜,七道泉子小学王旭
经常过来学习,七道泉子小学王旭
经常过来学习,七道泉子小学王旭
kikimooc340,七道泉子小学梁菲菲
宋娟hhxy,七道泉子小学梁菲菲
宋娟hhxy,七道泉子小学梁菲菲
小金贝贝,七道泉子小学梁菲菲
小金贝贝,七道泉子小学梁菲菲
方丽莉,赵桂莲
方丽莉,赵桂莲
赵桂莲,赵桂莲
kikimooc340,EchoID
一个巴黎不快乐,小弧段
一个巴黎不快乐,小弧段
kikimooc340,小弧段
杨秋霜霜,杨春然
杨秋霜霜,杨春然
杨秋霜霜,2204大白
杨秋霜霜,2204大白
墨色瑾年一世清欢,2204大白
墨色瑾年一世清欢,2204大白
我对于你,2204大白
我对于你,2204大白
ykt1512954962545,2204大白
ykt1512954962545,2204大白
小耳朵mooc94,2204大白
SCNU19级钟惠文,IDStudio_黎佳
SCNU19级钟惠文,IDStudio_黎佳
mooc38708059729605243,IDStudio_黎佳
mooc38708059729605243,IDStudio_黎佳
mooc38708059729605243,IDStudio_黎佳
子灿华,IDStudio_黎佳
子灿华,IDStudio_黎佳
医学院弦乐,IDStudio_黎佳
医学院弦乐,IDStudio_黎佳
scnu19级蔡镇鸿,IDStudio_黎佳
scnu19级蔡镇鸿,IDStudio_黎佳
是穆清啊,IDStudio_黎佳
是穆清啊,IDStudio_黎佳
SCNU19韩孟羽,IDStudio_黎佳
SCNU19韩孟羽,IDStudio_黎佳
mooc38597834573895626,IDStudio_黎佳
mooc38597834573895626,IDStudio_黎佳
泥泞留迹,IDStudio_黎佳
泥泞留迹,IDStudio_黎佳
枋木,IDStudio_黎佳
枋木,IDStudio_黎佳
SCNU19级陈晓彤,IDStudio_黎佳
SCNU19级陈晓彤,IDStudio_黎佳
SCNU19级黄嘉歆,IDStudio_黎佳
SCNU19级黄嘉歆,IDStudio_黎佳
赵桂莲,IDStudio_黎佳
赵桂莲,IDStudio_黎佳
丰城中专魏鹏,IDStudio_黎佳
丰城中专魏鹏,IDStudio_黎佳
戴mooc102,IDStudio_黎佳
女孩简单,IDStudio_黎佳
女孩简单,IDStudio_黎佳
连寨小学万红,IDStudio_黎佳
连寨小学万红,IDStudio_黎佳
SCNU19王星楠,IDStudio_黎佳
SCNU19王星楠,IDStudio_黎佳
单雨秋,IDStudio_黎佳
单雨秋,IDStudio_黎佳
何鑫mooc27,IDStudio_黎佳
何鑫mooc27,IDStudio_黎佳
SCNU19级王玉珍,IDStudio_黎佳
SCNU19级王玉珍,IDStudio_黎佳
SCNU19级姚晓,IDStudio_黎佳
SCNU19级姚晓,IDStudio_黎佳
SCNU19级陈书芳,IDStudio_黎佳
SCNU19张璐,IDStudio_黎佳
SCNU19张璐,IDStudio_黎佳
芒果柠檬蜂蜜柚子茶123,IDStudio_黎佳
芒果柠檬蜂蜜柚子茶123,IDStudio_黎佳
SCNU19韩孟羽,IDStudio_黎佳
SCNU19韩孟羽,IDStudio_黎佳
河师大实验中学李艳玲,IDStudio_黎佳
河师大实验中学李艳玲,IDStudio_黎佳
胡瑞娟,IDStudio_黎佳
胡瑞娟,IDStudio_黎佳
SCNU19级吴雅茵,IDStudio_黎佳
SCNU19级吴雅茵,IDStudio_黎佳
mooc1222132039547022,IDStudio_黎佳
mooc1222132039547022,IDStudio_黎佳
?????,IDStudio_黎佳
鲁晓燕额,IDStudio_黎佳
鲁晓燕额,IDStudio_黎佳
野猫行天下,IDStudio_黎佳
野猫行天下,IDStudio_黎佳
Scnu19级赵文强,IDStudio_黎佳
Scnu19级赵文强,IDStudio_黎佳
柠檬心mooc24,IDStudio_黎佳
柠檬心mooc24,IDStudio_黎佳
江苏师大21级教育技术学研究生张诗敏,IDStudio_黎佳
江苏师大21级教育技术学研究生张诗敏,IDStudio_黎佳
唐远萍,IDStudio_黎佳
唐远萍,IDStudio_黎佳
麦郁,IDStudio_黎佳
麦郁,IDStudio_黎佳
Dreammooc838,IDStudio_黎佳
经常过来学习,IDStudio_黎佳
经常过来学习,IDStudio_黎佳
二傻有你,IDStudio_黎佳
二傻有你,IDStudio_黎佳
咖啡mooc707,IDStudio_黎佳
咖啡mooc707,IDStudio_黎佳
mooc10807663542976178,IDStudio_黎佳
mooc10807663542976178,IDStudio_黎佳
抆,IDStudio_黎佳
抆,IDStudio_黎佳
SCNU19级李晓莉,IDStudio_黎佳
SCNU19级李晓莉,IDStudio_黎佳
小耳朵mooc94,IDStudio_黎佳
小耳朵mooc94,IDStudio_黎佳
SCNU19级班华婷,IDStudio_黎佳
前桌xlg,IDStudio_黎佳
前桌xlg,IDStudio_黎佳
孙潇楠-华南师范大学,IDStudio_黎佳
孙潇楠-华南师范大学,IDStudio_黎佳
EchoID,IDStudio_黎佳
EchoID,IDStudio_黎佳
SCNU19级钟扬,IDStudio_黎佳
SCNU19级钟扬,IDStudio_黎佳
SCNU19级冯冠朝,IDStudio_黎佳
SCNU19级冯冠朝,IDStudio_黎佳
稽亚娜,IDStudio_黎佳
稽亚娜,IDStudio_黎佳
新乡九中黄艳花,IDStudio_黎佳
新乡九中黄艳花,IDStudio_黎佳
六元M,IDStudio_黎佳
mooc54353935528906350,IDStudio_黎佳
mooc54353935528906350,IDStudio_黎佳
mooc89215049641089700,IDStudio_黎佳
mooc89215049641089700,IDStudio_黎佳
ykt1512954962545,IDStudio_黎佳
ykt1512954962545,IDStudio_黎佳
陶孟玲,IDStudio_黎佳
陶孟玲,IDStudio_黎佳
段姣mooc,IDStudio_黎佳
段姣mooc,IDStudio_黎佳
我对于你,IDStudio_黎佳
我对于你,IDStudio_黎佳
SCNU19级孙蔚妍,IDStudio_黎佳
SCNU19级孙蔚妍,IDStudio_黎佳
梁岭岭,IDStudio_黎佳
遥远的相似性,IDStudio_黎佳
遥远的相似性,IDStudio_黎佳
Hugoykt1499243472119,IDStudio_黎佳
Hugoykt1499243472119,IDStudio_黎佳
ascherrygirl,IDStudio_黎佳
ascherrygirl,IDStudio_黎佳
张呆呆1007,IDStudio_黎佳
张呆呆1007,IDStudio_黎佳
张雪洁zxj,IDStudio_黎佳
张雪洁zxj,IDStudio_黎佳
0空间mooc1,IDStudio_黎佳
0空间mooc1,IDStudio_黎佳
马秋芳,IDStudio_黎佳
马秋芳,IDStudio_黎佳
新乡凤泉郭柳小学张素芬,IDStudio_黎佳
张振艳,IDStudio_黎佳
张振艳,IDStudio_黎佳
梁晓杰,IDStudio_黎佳
梁晓杰,IDStudio_黎佳
显示一直在线,邱艺
显示一直在线,邱艺
显示一直在线,邱艺
mooc1222132039547022,邱艺
mooc1222132039547022,邱艺
SCNU19级钟惠文,邱艺
SCNU19级钟惠文,邱艺
mooc38708059729605243,邱艺
mooc38708059729605243,邱艺
中德-徐纯,邱艺
中德-徐纯,邱艺
安百胜,邱艺
安百胜,邱艺
子灿华,邱艺
子灿华,邱艺
SCNU19级郝晓敏,邱艺
SCNU19级郝晓敏,邱艺
0294章海宁,邱艺
0294章海宁,邱艺
冠县甘官屯乡中心小学--付洪芳,邱艺
冠县甘官屯乡中心小学--付洪芳,邱艺
戴mooc102,邱艺
戴mooc102,邱艺
泥泞留迹,邱艺
泥泞留迹,邱艺
枋木,邱艺
枋木,邱艺
SCNU19级陈晓彤,邱艺
SCNU19级陈晓彤,邱艺
丰城中专魏鹏,邱艺
墨色瑾年一世清欢,邱艺
墨色瑾年一世清欢,邱艺
SCNU19王星楠,邱艺
SCNU19王星楠,邱艺
叶云天,邱艺
叶云天,邱艺
单雨秋,邱艺
单雨秋,邱艺
SCNU19级王玉珍,邱艺
SCNU19级王玉珍,邱艺
SCNU19级姚晓,邱艺
SCNU19级姚晓,邱艺
SCNU19级陈书芳,邱艺
SCNU19级陈书芳,邱艺
SCNU19级黄嘉歆,邱艺
梁锦红,邱艺
梁锦红,邱艺
梁锦红,邱艺
梁锦红,邱艺
胡瑞娟,邱艺
胡瑞娟,邱艺
陶孟玲,邱艺
陶孟玲,邱艺
xiximooc233,邱艺
xiximooc233,邱艺
Annmooc793,邱艺
Annmooc793,邱艺
韩梅新乡市第四中学,邱艺
韩梅新乡市第四中学,邱艺
显示一直在线,邱艺
Kainy-,邱艺
Kainy-,邱艺
Kainy-,邱艺
FERC黄何-华南师大,邱艺
FERC黄何-华南师大,邱艺
FERC黄何-华南师大,邱艺
FERC黄何-华南师大,邱艺
mooc70156490244977667,邱艺
mooc70156490244977667,邱艺
mooc859045562545221,邱艺
mooc859045562545221,邱艺
Miamooc491,邱艺
Miamooc491,邱艺
欢微流墨,邱艺
欢微流墨,邱艺
墨色瑾年一世清欢,邱艺
墨色瑾年一世清欢,邱艺
SCNU19级吴雅茵,邱艺
SCNU19级吴雅茵,邱艺
唐远萍,邱艺
唐远萍,邱艺
梁锦红,邱艺
梁锦红,邱艺
刚刚好mooc260,邱艺
刚刚好mooc260,邱艺
麦郁,邱艺
麦郁,邱艺
学李白隐居吧,邱艺
学李白隐居吧,邱艺
段贤梅mooc,邱艺
华丽转身22,邱艺
华丽转身22,邱艺
SCNU19级班华婷,邱艺
SCNU19级班华婷,邱艺
天若妒我天亦可灭,邱艺
天若妒我天亦可灭,邱艺
SCNU19级陈晓彤,邱艺
SCNU19级陈晓彤,邱艺
SCNU19级陈晓彤,邱艺
SCNU19级陈晓彤,邱艺
SCNU19级陈晓彤,邱艺
SCNU19级黄雅俊,邱艺
SCNU19级黄雅俊,邱艺
EchoID,邱艺
EchoID,邱艺
孙潇楠-华南师范大学,邱艺
孙潇楠-华南师范大学,邱艺
马秋芳,邱艺
马秋芳,邱艺
袁玉枝,邱艺
袁玉枝,邱艺
初色曾谙,邱艺
初色曾谙,邱艺
周云帆mooc,邱艺
周云帆mooc,邱艺
一个巴黎不快乐,邱艺
一个巴黎不快乐,邱艺
SCNU19级李新伟,邱艺
SCNU19级李新伟,邱艺
皮卡皮卡wu,邱艺
mooc54353935528906350,邱艺
mooc54353935528906350,邱艺
mooc54353935528906350,邱艺
陶孟玲,邱艺
陶孟玲,邱艺
我对于你,邱艺
我对于你,邱艺
梁岭岭,邱艺
梁岭岭,邱艺
SCNU19级孙蔚妍,邱艺
SCNU19级孙蔚妍,邱艺
mooc河南济源五龙口镇实验小学葛亚娟,邱艺
mooc河南济源五龙口镇实验小学葛亚娟,邱艺
木子雨林,邱艺
木子雨林,邱艺
梁晓杰,邱艺
梁晓杰,邱艺
金渤,邱艺
金渤,邱艺
金渤,邱艺
张彦伟张彦伟,邱艺
张彦伟张彦伟,邱艺
张彦伟张彦伟,邱艺
ly303999163com,邱艺
ly303999163com,邱艺
张振艳,邱艺
张振艳,邱艺
新乡凤泉郭柳小学张素芬,邱艺
新乡凤泉郭柳小学张素芬,邱艺
ykt1512954962545,邱艺
六元M,邱艺
六元M,邱艺
Hugoykt1499243472119,邱艺
Hugoykt1499243472119,邱艺
Lifetimeykt1522750686111,邱艺
Lifetimeykt1522750686111,邱艺
马秋芳,邱艺
马秋芳,邱艺
ascherrygirl,邱艺
ascherrygirl,邱艺
琉璃那么伤,邱艺
mooc1222132039547022,IDStudio_黎佳
mooc1222132039547022,IDStudio_黎佳
SCNU19级钟惠文,IDStudio_黎佳
SCNU19级钟惠文,IDStudio_黎佳
SCNU19级刘颖琳,IDStudio_黎佳
SCNU19级刘颖琳,IDStudio_黎佳
mooc38708059729605243,IDStudio_黎佳
mooc38708059729605243,IDStudio_黎佳
中德-徐纯,IDStudio_黎佳
中德-徐纯,IDStudio_黎佳
安百胜,IDStudio_黎佳
安百胜,IDStudio_黎佳
子灿华,IDStudio_黎佳
子灿华,IDStudio_黎佳
医学院弦乐,IDStudio_黎佳
0294章海宁,IDStudio_黎佳
0294章海宁,IDStudio_黎佳
SCNU19级郝晓敏,IDStudio_黎佳
SCNU19级郝晓敏,IDStudio_黎佳
冠县甘官屯乡中心小学--付洪芳,IDStudio_黎佳
冠县甘官屯乡中心小学--付洪芳,IDStudio_黎佳
泥泞留迹,IDStudio_黎佳
泥泞留迹,IDStudio_黎佳
枋木,IDStudio_黎佳
枋木,IDStudio_黎佳
丰城中专魏鹏,IDStudio_黎佳
丰城中专魏鹏,IDStudio_黎佳
aqiuyang,IDStudio_黎佳
aqiuyang,IDStudio_黎佳
SCNU19级黄嘉歆,IDStudio_黎佳
SCNU19王星楠,IDStudio_黎佳
SCNU19王星楠,IDStudio_黎佳
叶云天,IDStudio_黎佳
叶云天,IDStudio_黎佳
单雨秋,IDStudio_黎佳
单雨秋,IDStudio_黎佳
SCNU19级姚晓,IDStudio_黎佳
SCNU19级姚晓,IDStudio_黎佳
SCNU19级陈书芳,IDStudio_黎佳
SCNU19级陈书芳,IDStudio_黎佳
SCNU19龚文丽,IDStudio_黎佳
SCNU19龚文丽,IDStudio_黎佳
冠县甘官屯乡中心小学-邢俊秀,IDStudio_黎佳
冠县甘官屯乡中心小学-邢俊秀,IDStudio_黎佳
SCNU19级黄嘉华,IDStudio_黎佳
Annmooc793,IDStudio_黎佳
Annmooc793,IDStudio_黎佳
韩梅新乡市第四中学,IDStudio_黎佳
韩梅新乡市第四中学,IDStudio_黎佳
显示一直在线,IDStudio_黎佳
显示一直在线,IDStudio_黎佳
SCNU19现教朱君辉,IDStudio_黎佳
SCNU19现教朱君辉,IDStudio_黎佳
鲁晓燕额,IDStudio_黎佳
鲁晓燕额,IDStudio_黎佳
SCNU19级展鲲,IDStudio_黎佳
SCNU19级展鲲,IDStudio_黎佳
?????,IDStudio_黎佳
?????,IDStudio_黎佳
柠檬心mooc24,IDStudio_黎佳
李铭1715060108,IDStudio_黎佳
李铭1715060108,IDStudio_黎佳
刚刚好mooc260,IDStudio_黎佳
刚刚好mooc260,IDStudio_黎佳
麦郁,IDStudio_黎佳
麦郁,IDStudio_黎佳
段贤梅mooc,IDStudio_黎佳
段贤梅mooc,IDStudio_黎佳
mooc53577002297540464,IDStudio_黎佳
mooc53577002297540464,IDStudio_黎佳
SCNU19级黎周迪,IDStudio_黎佳
SCNU19级黎周迪,IDStudio_黎佳
左茂红,IDStudio_黎佳
左茂红,IDStudio_黎佳
经常过来学习,IDStudio_黎佳
SCNU19级黄雅俊,IDStudio_黎佳
SCNU19级黄雅俊,IDStudio_黎佳
EchoID,IDStudio_黎佳
EchoID,IDStudio_黎佳
孙潇楠-华南师范大学,IDStudio_黎佳
孙潇楠-华南师范大学,IDStudio_黎佳
SCNU19级冯冠朝,IDStudio_黎佳
SCNU19级冯冠朝,IDStudio_黎佳
稽亚娜,IDStudio_黎佳
稽亚娜,IDStudio_黎佳
SCNU19级钟扬,IDStudio_黎佳
SCNU19级钟扬,IDStudio_黎佳
野猫行天下,IDStudio_黎佳
野猫行天下,IDStudio_黎佳
谢旭双mooc,IDStudio_黎佳
一个巴黎不快乐,IDStudio_黎佳
一个巴黎不快乐,IDStudio_黎佳
SCNU19级李新伟,IDStudio_黎佳
SCNU19级李新伟,IDStudio_黎佳
EchoID,IDStudio_黎佳
EchoID,IDStudio_黎佳
抆,IDStudio_黎佳
抆,IDStudio_黎佳
mooc姚真,IDStudio_黎佳
mooc姚真,IDStudio_黎佳
陶孟玲,IDStudio_黎佳
陶孟玲,IDStudio_黎佳
我对于你,IDStudio_黎佳
我对于你,IDStudio_黎佳
SCNU19龚文丽,IDStudio_黎佳
尚君陌,IDStudio_黎佳
尚君陌,IDStudio_黎佳
学李白隐居吧,IDStudio_黎佳
学李白隐居吧,IDStudio_黎佳
梁晓杰,IDStudio_黎佳
梁晓杰,IDStudio_黎佳
梁晓杰,IDStudio_黎佳
新乡凤泉郭柳小学张素芬,IDStudio_黎佳
新乡凤泉郭柳小学张素芬,IDStudio_黎佳
张雪洁zxj,IDStudio_黎佳
张雪洁zxj,IDStudio_黎佳
SCNU19级邵小露,IDStudio_黎佳
SCNU19级邵小露,IDStudio_黎佳
hnuwrt,IDStudio_黎佳
hnuwrt,IDStudio_黎佳
倩妮mooc,IDStudio_黎佳
倩妮mooc,IDStudio_黎佳
遥远的相似性,IDStudio_黎佳
遥远的相似性,IDStudio_黎佳
赵桂莲,IDStudio_黎佳
赵桂莲,IDStudio_黎佳
周云帆mooc,IDStudio_黎佳
周云帆mooc,IDStudio_黎佳
小庞儿,IDStudio_黎佳
小庞儿,IDStudio_黎佳
马秋芳,IDStudio_黎佳
马秋芳,IDStudio_黎佳
王季霞,IDStudio_黎佳
王季霞,IDStudio_黎佳
皮卡皮卡wu,IDStudio_黎佳
ly303999163com,IDStudio_黎佳
ly303999163com,IDStudio_黎佳
酸枣mooc1,IDStudio_黎佳
酸枣mooc1,IDStudio_黎佳
李树俊,IDStudio_黎佳
李树俊,IDStudio_黎佳
0空间mooc1,IDStudio_黎佳
0空间mooc1,IDStudio_黎佳
SCNU19级钟惠文,谢幼如
SCNU19级钟惠文,谢幼如
17教技杨坤,谢幼如
17教技杨坤,谢幼如
中德-徐纯,谢幼如
中德-徐纯,谢幼如
安百胜,谢幼如
安百胜,谢幼如
子灿华,谢幼如
子灿华,谢幼如
医学院弦乐,谢幼如
医学院弦乐,谢幼如
mooc89215049641089700,谢幼如
mooc89215049641089700,谢幼如
scnu19级蔡镇鸿,谢幼如
冠县甘官屯乡中心小学--付洪芳,谢幼如
冠县甘官屯乡中心小学--付洪芳,谢幼如
泥泞留迹,谢幼如
泥泞留迹,谢幼如
小金贝贝,谢幼如
小金贝贝,谢幼如
枋木,谢幼如
枋木,谢幼如
丰城中专魏鹏,谢幼如
丰城中专魏鹏,谢幼如
aqiuyang,谢幼如
aqiuyang,谢幼如
SCNU19级黄嘉歆,谢幼如
SCNU19级黄嘉歆,谢幼如
ddjj1997,谢幼如
单雨秋,谢幼如
单雨秋,谢幼如
SCNU19级王玉珍,谢幼如
SCNU19级王玉珍,谢幼如
SCNU19龚文丽,谢幼如
SCNU19龚文丽,谢幼如
SCNU19级姚晓,谢幼如
SCNU19级姚晓,谢幼如
SCNU19级陈书芳,谢幼如
SCNU19级陈书芳,谢幼如
SCNU19级王玉珍,谢幼如
冠县甘官屯乡中心小学-邢俊秀,谢幼如
冠县甘官屯乡中心小学-邢俊秀,谢幼如
冠县甘官屯乡中心小学-邢俊秀,谢幼如
SCNU19级黄嘉华,谢幼如
xiximooc233,谢幼如
xiximooc233,谢幼如
Annmooc793,谢幼如
Annmooc793,谢幼如
韩梅新乡市第四中学,谢幼如
韩梅新乡市第四中学,谢幼如
SCNU19现教朱君辉,谢幼如
SCNU19现教朱君辉,谢幼如
?????,谢幼如
?????,谢幼如
柠檬心mooc24,谢幼如
柠檬心mooc24,谢幼如
mooc38597834573895626,谢幼如
mooc38597834573895626,谢幼如
江苏师大21级教育技术学研究生张诗敏,谢幼如
钟嵘zr,谢幼如
钟嵘zr,谢幼如
刚刚好mooc260,谢幼如
刚刚好mooc260,谢幼如
麦郁,谢幼如
麦郁,谢幼如
木子雨林,谢幼如
木子雨林,谢幼如
段贤梅mooc,谢幼如
段贤梅mooc,谢幼如
mooc53577002297540464,谢幼如
mooc53577002297540464,谢幼如
小里小外,谢幼如
小里小外,谢幼如
SCNU19级黎周迪,谢幼如
小耳朵mooc94,谢幼如
小耳朵mooc94,谢幼如
Dreammooc838,谢幼如
Dreammooc838,谢幼如
叶云天,谢幼如
叶云天,谢幼如
天若妒我天亦可灭,谢幼如
天若妒我天亦可灭,谢幼如
SCNU19级班华婷,谢幼如
SCNU19级班华婷,谢幼如
SCNU19级黄雅俊,谢幼如
SCNU19级黄雅俊,谢幼如
SCNU19级郭玉霞,谢幼如
SCNU19级郭玉霞,谢幼如
孙潇楠-华南师范大学,谢幼如
初色曾谙,谢幼如
初色曾谙,谢幼如
mooc54353935528906350,谢幼如
mooc54353935528906350,谢幼如
一个巴黎不快乐,谢幼如
一个巴黎不快乐,谢幼如
SCNU19级李晓莉,谢幼如
SCNU19级李晓莉,谢幼如
SCNU19级李新伟,谢幼如
SCNU19级李新伟,谢幼如
EchoID,谢幼如
EchoID,谢幼如
抆,谢幼如
抆,谢幼如
mooc姚真,谢幼如
河南省济源市五龙口镇实验小学李迎兵,谢幼如
河南省济源市五龙口镇实验小学李迎兵,谢幼如
济水南街常杰,谢幼如
济水南街常杰,谢幼如
mooc5342817846038017,谢幼如
mooc5342817846038017,谢幼如
尚君陌,谢幼如
尚君陌,谢幼如
学李白隐居吧,谢幼如
学李白隐居吧,谢幼如
梁晓杰,谢幼如
梁晓杰,谢幼如
梁晓杰,谢幼如
新乡凤泉郭柳小学张素芬,谢幼如
新乡凤泉郭柳小学张素芬,谢幼如
倩妮mooc,谢幼如
倩妮mooc,谢幼如
遥远的相似性,谢幼如
遥远的相似性,谢幼如
赵桂莲,谢幼如
赵桂莲,谢幼如
周云帆mooc,谢幼如
周云帆mooc,谢幼如
沐曦之星,谢幼如
沐曦之星,谢幼如
小庞儿,谢幼如
小庞儿,谢幼如
马秋芳,谢幼如
马秋芳,谢幼如
琉璃那么伤,谢幼如
ascherrygirl,谢幼如
ascherrygirl,谢幼如
mooc89215049641089700,谢幼如
mooc89215049641089700,谢幼如
mooc1488461700355,谢幼如
mooc1488461700355,谢幼如
SCNU19级王笑宸,谢幼如
SCNU19级王笑宸,谢幼如
段姣mooc,谢幼如
段姣mooc,谢幼如
ykt1512954962545,谢幼如
ykt1512954962545,谢幼如
ly303999163com,谢幼如
ly303999163com,谢幼如
mooc1222132039547022,谢幼如
mooc1222132039547022,谢幼如
SCNU19级钟惠文,谢幼如
SCNU19级钟惠文,谢幼如
mooc38708059729605243,谢幼如
mooc38708059729605243,谢幼如
中德-徐纯,谢幼如
中德-徐纯,谢幼如
安百胜,谢幼如
安百胜,谢幼如
子灿华,谢幼如
子灿华,谢幼如
医学院弦乐,谢幼如
医学院弦乐,谢幼如
mooc89215049641089700,谢幼如
SCNU19级郝晓敏,谢幼如
SCNU19级郝晓敏,谢幼如
冠县甘官屯乡中心小学--付洪芳,谢幼如
冠县甘官屯乡中心小学--付洪芳,谢幼如
泥泞留迹,谢幼如
泥泞留迹,谢幼如
枋木,谢幼如
枋木,谢幼如
丰城中专魏鹏,谢幼如
丰城中专魏鹏,谢幼如
aqiuyang,谢幼如
aqiuyang,谢幼如
新一街中学-李琰,谢幼如
新一街中学-李琰,谢幼如
SCNU19级黄嘉歆,谢幼如
SCNU19王星楠,谢幼如
SCNU19王星楠,谢幼如
单雨秋,谢幼如
单雨秋,谢幼如
SCNU19级姚晓,谢幼如
SCNU19级姚晓,谢幼如
SCNU19级陈书芳,谢幼如
SCNU19级陈书芳,谢幼如
SCNU19级王玉珍,谢幼如
SCNU19级王玉珍,谢幼如
SCNU19龚文丽,谢幼如
SCNU19龚文丽,谢幼如
冠县甘官屯乡中心小学-邢俊秀,谢幼如
冠县甘官屯乡中心小学-邢俊秀,谢幼如
SCNU19级黄嘉华,谢幼如
韩梅新乡市第四中学,谢幼如
韩梅新乡市第四中学,谢幼如
显示一直在线,谢幼如
显示一直在线,谢幼如
SCNU19现教朱君辉,谢幼如
SCNU19现教朱君辉,谢幼如
鲁晓燕额,谢幼如
鲁晓燕额,谢幼如
Scnu19级赵文强,谢幼如
Scnu19级赵文强,谢幼如
?????,谢幼如
?????,谢幼如
柠檬心mooc24,谢幼如
柠檬心mooc24,谢幼如
mooc38597834573895626,谢幼如
李铭1715060108,谢幼如
李铭1715060108,谢幼如
刚刚好mooc260,谢幼如
刚刚好mooc260,谢幼如
mooc1559202638647216,谢幼如
mooc1559202638647216,谢幼如
麦郁,谢幼如
麦郁,谢幼如
段贤梅mooc,谢幼如
段贤梅mooc,谢幼如
mooc53577002297540464,谢幼如
mooc53577002297540464,谢幼如
SCNU19级黎周迪,谢幼如
SCNU19级黎周迪,谢幼如
经常过来学习,谢幼如
天若妒我天亦可灭,谢幼如
天若妒我天亦可灭,谢幼如
SCNU19级陈晓彤,谢幼如
SCNU19级陈晓彤,谢幼如
孙潇楠-华南师范大学,谢幼如
孙潇楠-华南师范大学,谢幼如
稽亚娜,谢幼如
稽亚娜,谢幼如
SCNU19级冯冠朝,谢幼如
SCNU19级冯冠朝,谢幼如
SCNU19级钟扬,谢幼如
SCNU19级钟扬,谢幼如
野猫行天下,谢幼如
野猫行天下,谢幼如
SCNU19级黄雅俊,谢幼如
SCNU19级李晓莉,谢幼如
SCNU19级李晓莉,谢幼如
EchoID,谢幼如
EchoID,谢幼如
幻紫mooc4,谢幼如
幻紫mooc4,谢幼如
mooc姚真,谢幼如
mooc姚真,谢幼如
陶孟玲,谢幼如
陶孟玲,谢幼如
我对于你,谢幼如
我对于你,谢幼如
梁岭岭,谢幼如
梁岭岭,谢幼如
SCNU19级孙蔚妍,谢幼如
郭敏Phoebe,谢幼如
郭敏Phoebe,谢幼如
梁晓杰,谢幼如
梁晓杰,谢幼如
梁晓杰,谢幼如
新乡凤泉郭柳小学张素芬,谢幼如
新乡凤泉郭柳小学张素芬,谢幼如
SCNU19级邵小露,谢幼如
SCNU19级邵小露,谢幼如
hnuwrt,谢幼如
hnuwrt,谢幼如
张雪洁zxj,谢幼如
张雪洁zxj,谢幼如
xwenguang,谢幼如
xwenguang,谢幼如
遥远的相似性,谢幼如
遥远的相似性,谢幼如
赵桂莲,谢幼如
赵桂莲,谢幼如
沐曦之星,谢幼如
沐曦之星,谢幼如
SCNU19级韩璐,谢幼如
SCNU19级韩璐,谢幼如
小庞儿,谢幼如
小庞儿,谢幼如
琉璃那么伤,谢幼如
琉璃那么伤,谢幼如
前桌xlg,谢幼如
前桌xlg,谢幼如
王季霞,谢幼如
mooc89215049641089700,谢幼如
mooc89215049641089700,谢幼如
mooc1488461700355,谢幼如
mooc1488461700355,谢幼如
SCNU19级王笑宸,谢幼如
SCNU19级王笑宸,谢幼如
周云帆mooc,谢幼如
周云帆mooc,谢幼如
段姣mooc,谢幼如
段姣mooc,谢幼如
ykt1512954962545,谢幼如
ykt1512954962545,谢幼如
ly303999163com,谢幼如
ly303999163com,谢幼如
显示一直在线,谢幼如
显示一直在线,谢幼如
mooc1222132039547022,谢幼如
mooc1222132039547022,谢幼如
SCNU19级钟惠文,谢幼如
SCNU19级钟惠文,谢幼如
mooc38708059729605243,谢幼如
mooc38708059729605243,谢幼如
中德-徐纯,谢幼如
中德-徐纯,谢幼如
安百胜,谢幼如
安百胜,谢幼如
子灿华,谢幼如
子灿华,谢幼如
scnu19级蔡镇鸿,谢幼如
0294章海宁,谢幼如
0294章海宁,谢幼如
SCNU19级郝晓敏,谢幼如
SCNU19级郝晓敏,谢幼如
冠县甘官屯乡中心小学--付洪芳,谢幼如
冠县甘官屯乡中心小学--付洪芳,谢幼如
井中月moerhu,谢幼如
井中月moerhu,谢幼如
麦郁,谢幼如
麦郁,谢幼如
泥泞留迹,谢幼如
泥泞留迹,谢幼如
枋木,谢幼如
枋木,谢幼如
丰城中专魏鹏,谢幼如
女孩简单,谢幼如
女孩简单,谢幼如
连寨小学万红,谢幼如
连寨小学万红,谢幼如
墨色瑾年一世清欢,谢幼如
墨色瑾年一世清欢,谢幼如
SCNU19王星楠,谢幼如
SCNU19王星楠,谢幼如
单雨秋,谢幼如
单雨秋,谢幼如
SCNU19级姚晓,谢幼如
SCNU19级姚晓,谢幼如
SCNU19级陈书芳,谢幼如
SCNU19级陈书芳,谢幼如
SCNU19级王玉珍,谢幼如
SCNU19张璐,谢幼如
SCNU19张璐,谢幼如
芒果柠檬蜂蜜柚子茶123,谢幼如
芒果柠檬蜂蜜柚子茶123,谢幼如
SCNU19韩孟羽,谢幼如
SCNU19韩孟羽,谢幼如
胡瑞娟,谢幼如
胡瑞娟,谢幼如
河师大实验中学李艳玲,谢幼如
河师大实验中学李艳玲,谢幼如
SCNU19级李新伟,谢幼如
SCNU19级李新伟,谢幼如
xiximooc233,谢幼如
xiximooc233,谢幼如
韩梅新乡市第四中学,谢幼如
江苏师大21级教育技术学研究生张诗敏,谢幼如
江苏师大21级教育技术学研究生张诗敏,谢幼如
SCNU19级张聚,谢幼如
SCNU19级张聚,谢幼如
墨色瑾年一世清欢,谢幼如
墨色瑾年一世清欢,谢幼如
唐远萍,谢幼如
唐远萍,谢幼如
木子雨林,谢幼如
木子雨林,谢幼如
SCNU19级杨曦,谢幼如
SCNU19级杨曦,谢幼如
SCNU19级杨曦,谢幼如
SCNU19级吴雅茵,谢幼如
SCNU19级吴雅茵,谢幼如
小尘埃1,谢幼如
小尘埃1,谢幼如
小尘埃1,谢幼如
左茂红,谢幼如
左茂红,谢幼如
段贤梅mooc,谢幼如
段贤梅mooc,谢幼如
段贤梅mooc,谢幼如
mooc53577002297540464,谢幼如
mooc53577002297540464,谢幼如
SCNU19级黎周迪,谢幼如
SCNU19级黎周迪,谢幼如
经常过来学习,谢幼如
经常过来学习,谢幼如
二傻有你,谢幼如
经常过来学习,谢幼如
经常过来学习,谢幼如
叶云天,谢幼如
叶云天,谢幼如
天若妒我天亦可灭,谢幼如
天若妒我天亦可灭,谢幼如
稽亚娜,谢幼如
稽亚娜,谢幼如
SCNU19级冯冠朝,谢幼如
SCNU19级冯冠朝,谢幼如
SCNU19级钟扬,谢幼如
SCNU19级钟扬,谢幼如
野猫行天下,谢幼如
野猫行天下,谢幼如
SCNU19级黄雅俊,谢幼如
EchoID,谢幼如
EchoID,谢幼如
mooc姚真,谢幼如
mooc姚真,谢幼如
mooc姚真,谢幼如
陶孟玲,谢幼如
陶孟玲,谢幼如
我对于你,谢幼如
我对于你,谢幼如
SCNU19龚文丽,谢幼如
SCNU19龚文丽,谢幼如
梁岭岭,谢幼如
梁岭岭,谢幼如
梁岭岭,谢幼如
SCNU19级孙蔚妍,谢幼如
梁晓杰,谢幼如
梁晓杰,谢幼如
梁晓杰,谢幼如
郭敏Phoebe,谢幼如
郭敏Phoebe,谢幼如
新乡凤泉郭柳小学张素芬,谢幼如
新乡凤泉郭柳小学张素芬,谢幼如
尚君陌,谢幼如
尚君陌,谢幼如
SCNU19级邵小露,谢幼如
SCNU19级邵小露,谢幼如
mooc1027458422444660,谢幼如
mooc1027458422444660,谢幼如
寻见201907,谢幼如
寻见201907,谢幼如
咖啡mooc707,谢幼如
咖啡mooc707,谢幼如
倩妮mooc,谢幼如
倩妮mooc,谢幼如
酷MA萌小李,谢幼如
酷MA萌小李,谢幼如
遥远的相似性,谢幼如
遥远的相似性,谢幼如
SCNU19级韩璐,谢幼如
SCNU19级韩璐,谢幼如
沐曦之星,谢幼如
沐曦之星,谢幼如
琉璃那么伤,谢幼如
琉璃那么伤,谢幼如
皮卡皮卡wu,谢幼如
段姣mooc,谢幼如
段姣mooc,谢幼如
ykt1512954962545,谢幼如
ykt1512954962545,谢幼如
ly303999163com,谢幼如
ly303999163com,谢幼如
小庞儿,谢幼如
小庞儿,谢幼如
李树俊,谢幼如
李树俊,谢幼如
酸枣mooc1,谢幼如
酸枣mooc1,谢幼如
溪流过后,谢幼如
溪流过后,谢幼如
mooc1222132039547022,IDStudio_黎佳
mooc1222132039547022,IDStudio_黎佳
SCNU19级钟惠文,IDStudio_黎佳
SCNU19级钟惠文,IDStudio_黎佳
SCNU19级刘颖琳,IDStudio_黎佳
SCNU19级刘颖琳,IDStudio_黎佳
mooc38708059729605243,IDStudio_黎佳
mooc38708059729605243,IDStudio_黎佳
中德-徐纯,IDStudio_黎佳
中德-徐纯,IDStudio_黎佳
子灿华,IDStudio_黎佳
子灿华,IDStudio_黎佳
scnu19级蔡镇鸿,IDStudio_黎佳
scnu19级蔡镇鸿,IDStudio_黎佳
是穆清啊,IDStudio_黎佳
井中月moerhu,IDStudio_黎佳
井中月moerhu,IDStudio_黎佳
井中月moerhu,IDStudio_黎佳
井中月moerhu,IDStudio_黎佳
钟嵘zr,IDStudio_黎佳
钟嵘zr,IDStudio_黎佳
泥泞留迹,IDStudio_黎佳
泥泞留迹,IDStudio_黎佳
枋木,IDStudio_黎佳
枋木,IDStudio_黎佳
丰城中专魏鹏,IDStudio_黎佳
丰城中专魏鹏,IDStudio_黎佳
医学院弦乐,IDStudio_黎佳
医学院弦乐,IDStudio_黎佳
0710李欢,IDStudio_黎佳
连寨小学万红,IDStudio_黎佳
连寨小学万红,IDStudio_黎佳
SCNU19王星楠,IDStudio_黎佳
SCNU19王星楠,IDStudio_黎佳
单雨秋,IDStudio_黎佳
单雨秋,IDStudio_黎佳
SCNU19级姚晓,IDStudio_黎佳
SCNU19级姚晓,IDStudio_黎佳
SCNU19级陈书芳,IDStudio_黎佳
SCNU19级陈书芳,IDStudio_黎佳
SCNU19级王玉珍,IDStudio_黎佳
SCNU19级王玉珍,IDStudio_黎佳
SCNU19级黄嘉歆,IDStudio_黎佳
SCNU19级黄嘉歆,IDStudio_黎佳
甘官屯乡中心小学--陈佳,IDStudio_黎佳
SCNU19韩孟羽,IDStudio_黎佳
SCNU19韩孟羽,IDStudio_黎佳
河师大实验中学李艳玲,IDStudio_黎佳
河师大实验中学李艳玲,IDStudio_黎佳
SCNU19级李新伟,IDStudio_黎佳
SCNU19级李新伟,IDStudio_黎佳
xiximooc233,IDStudio_黎佳
xiximooc233,IDStudio_黎佳
韩梅新乡市第四中学,IDStudio_黎佳
韩梅新乡市第四中学,IDStudio_黎佳
SCNU19现教朱君辉,IDStudio_黎佳
SCNU19现教朱君辉,IDStudio_黎佳
鲁晓燕额,IDStudio_黎佳
鲁晓燕额,IDStudio_黎佳
FERC黄何-华南师大,IDStudio_黎佳
新一街中学-李琰,IDStudio_黎佳
新一街中学-李琰,IDStudio_黎佳
唐远萍,IDStudio_黎佳
唐远萍,IDStudio_黎佳
SCNU19级杨曦,IDStudio_黎佳
SCNU19级杨曦,IDStudio_黎佳
SCNU19级杨曦,IDStudio_黎佳
SCNU19级杨曦,IDStudio_黎佳
SCNU19级杨曦,IDStudio_黎佳
SCNU19级吴雅茵,IDStudio_黎佳
SCNU19级吴雅茵,IDStudio_黎佳
梁锦红,IDStudio_黎佳
梁锦红,IDStudio_黎佳
李铭1715060108,IDStudio_黎佳
李铭1715060108,IDStudio_黎佳
mooc53577002297540464,IDStudio_黎佳
mooc53577002297540464,IDStudio_黎佳
SCNU19级黎周迪,IDStudio_黎佳
SCNU19级黎周迪,IDStudio_黎佳
经常过来学习,IDStudio_黎佳
经常过来学习,IDStudio_黎佳
二傻有你,IDStudio_黎佳
二傻有你,IDStudio_黎佳
SCNU19级李新伟,IDStudio_黎佳
SCNU19级李新伟,IDStudio_黎佳
咖啡mooc707,IDStudio_黎佳
咖啡mooc707,IDStudio_黎佳
刚刚好mooc260,IDStudio_黎佳
刚刚好mooc260,IDStudio_黎佳
小耳朵mooc94,IDStudio_黎佳
稽亚娜,IDStudio_黎佳
稽亚娜,IDStudio_黎佳
野猫行天下,IDStudio_黎佳
野猫行天下,IDStudio_黎佳
SCNU19级冯冠朝,IDStudio_黎佳
SCNU19级冯冠朝,IDStudio_黎佳
SCNU19级黄雅俊,IDStudio_黎佳
SCNU19级黄雅俊,IDStudio_黎佳
孙潇楠-华南师范大学,IDStudio_黎佳
孙潇楠-华南师范大学,IDStudio_黎佳
袁玉枝,IDStudio_黎佳
袁玉枝,IDStudio_黎佳
初色曾谙,IDStudio_黎佳
初色曾谙,IDStudio_黎佳
一个巴黎不快乐,IDStudio_黎佳
SCNU19级孙蔚妍,IDStudio_黎佳
SCNU19级孙蔚妍,IDStudio_黎佳
mooc河南济源五龙口镇实验小学葛亚娟,IDStudio_黎佳
mooc河南济源五龙口镇实验小学葛亚娟,IDStudio_黎佳
河南省济源市五龙口镇实验小学李迎兵,IDStudio_黎佳
河南省济源市五龙口镇实验小学李迎兵,IDStudio_黎佳
mooc62003992301382809,IDStudio_黎佳
mooc62003992301382809,IDStudio_黎佳
mooc5342817846038017,IDStudio_黎佳
mooc5342817846038017,IDStudio_黎佳
抆,IDStudio_黎佳
抆,IDStudio_黎佳
左茂红,IDStudio_黎佳
左茂红,IDStudio_黎佳
学李白隐居吧,IDStudio_黎佳
mooc1027458422444660,IDStudio_黎佳
mooc1027458422444660,IDStudio_黎佳
寻见201907,IDStudio_黎佳
寻见201907,IDStudio_黎佳
张雪洁zxj,IDStudio_黎佳
张雪洁zxj,IDStudio_黎佳
金渤,IDStudio_黎佳
金渤,IDStudio_黎佳
xwenguang,IDStudio_黎佳
xwenguang,IDStudio_黎佳
a邓红蕊,IDStudio_黎佳
a邓红蕊,IDStudio_黎佳
六元M,IDStudio_黎佳
六元M,IDStudio_黎佳
广职院谭雄辉,IDStudio_黎佳
王季霞,IDStudio_黎佳
王季霞,IDStudio_黎佳
王季霞,IDStudio_黎佳
新乡九中黄艳花,IDStudio_黎佳
新乡九中黄艳花,IDStudio_黎佳
Hugoykt1499243472119,IDStudio_黎佳
Hugoykt1499243472119,IDStudio_黎佳
鸟大翼ykt57854109504509648,IDStudio_黎佳
鸟大翼ykt57854109504509648,IDStudio_黎佳
ascherrygirl,IDStudio_黎佳
ascherrygirl,IDStudio_黎佳
hnuwrt,IDStudio_黎佳
hnuwrt,IDStudio_黎佳
mooc1488461700355,IDStudio_黎佳
mooc1488461700355,IDStudio_黎佳
李树俊,IDStudio_黎佳
李树俊,IDStudio_黎佳
酸枣mooc1,IDStudio_黎佳
酸枣mooc1,IDStudio_黎佳
溪流过后,IDStudio_黎佳
溪流过后,IDStudio_黎佳
mooc1886057588605195,IDStudio_黎佳
mooc1886057588605195,IDStudio_黎佳
0空间mooc1,IDStudio_黎佳
0空间mooc1,IDStudio_黎佳
马秋芳,IDStudio_黎佳
SCNU19级钟惠文,谢幼如
SCNU19级钟惠文,谢幼如
甘官屯乡中心小学--陈佳,谢幼如
甘官屯乡中心小学--陈佳,谢幼如
mooc38708059729605243,谢幼如
mooc38708059729605243,谢幼如
子灿华,谢幼如
子灿华,谢幼如
是穆清啊,谢幼如
是穆清啊,谢幼如
SCNU19级朱冬晓,谢幼如
SCNU19级朱冬晓,谢幼如
SCNU19韩孟羽,谢幼如
SCNU19韩孟羽,谢幼如
李铭1715060108,谢幼如
井中月moerhu,谢幼如
井中月moerhu,谢幼如
井中月moerhu,谢幼如
井中月moerhu,谢幼如
井中月moerhu,谢幼如
井中月moerhu,谢幼如
井中月moerhu,谢幼如
井中月moerhu,谢幼如
钟嵘zr,谢幼如
钟嵘zr,谢幼如
泥泞留迹,谢幼如
泥泞留迹,谢幼如
小金贝贝,谢幼如
小金贝贝,谢幼如
小金贝贝,谢幼如
医学院弦乐,谢幼如
医学院弦乐,谢幼如
党雪妮,谢幼如
党雪妮,谢幼如
FERC黄何-华南师大,谢幼如
FERC黄何-华南师大,谢幼如
ddjj1997,谢幼如
ddjj1997,谢幼如
连寨小学万红,谢幼如
连寨小学万红,谢幼如
余柱梅,谢幼如
余柱梅,谢幼如
女孩简单,谢幼如
女孩简单,谢幼如
SCNU19王星楠,谢幼如
冠县甘官屯乡中心小学--许继革,谢幼如
冠县甘官屯乡中心小学--许继革,谢幼如
冠县甘官屯乡中心小学--许继革,谢幼如
冠县甘官屯乡中心小学--许继革,谢幼如
冠县甘官屯乡中心小学--许继革,谢幼如
冠县甘官屯乡中心小学--许继革,谢幼如
胡瑞娟,谢幼如
胡瑞娟,谢幼如
河师大实验中学李艳玲,谢幼如
河师大实验中学李艳玲,谢幼如
SCNU19级李新伟,谢幼如
SCNU19级李新伟,谢幼如
xiximooc233,谢幼如
xiximooc233,谢幼如
韩梅新乡市第四中学,谢幼如
?????,谢幼如
?????,谢幼如
野猫行天下,谢幼如
野猫行天下,谢幼如
柠檬心mooc24,谢幼如
柠檬心mooc24,谢幼如
mooc38597834573895626,谢幼如
mooc38597834573895626,谢幼如
江苏师大21级教育技术学研究生张诗敏,谢幼如
江苏师大21级教育技术学研究生张诗敏,谢幼如
SCNU19级张聚,谢幼如
SCNU19级张聚,谢幼如
新一街中学-李琰,谢幼如
新一街中学-李琰,谢幼如
SCNU19级杨曦,谢幼如
小尘埃1,谢幼如
小尘埃1,谢幼如
左茂红,谢幼如
左茂红,谢幼如
段贤梅mooc,谢幼如
段贤梅mooc,谢幼如
mooc53577002297540464,谢幼如
mooc53577002297540464,谢幼如
mooc53577002297540464,谢幼如
SCNU19级黎周迪,谢幼如
SCNU19级黎周迪,谢幼如
二傻有你,谢幼如
二傻有你,谢幼如
SCNU19级郭玉霞,谢幼如
SCNU19级郭玉霞,谢幼如
SCNU19级钟扬,谢幼如
SCNU19级钟扬,谢幼如
SCNU19级黄雅俊,谢幼如
SCNU19级黄雅俊,谢幼如
SCNU19级冯冠朝,谢幼如
SCNU19级冯冠朝,谢幼如
袁玉枝,谢幼如
袁玉枝,谢幼如
海mooc937,谢幼如
海mooc937,谢幼如
初色曾谙,谢幼如
初色曾谙,谢幼如
一个巴黎不快乐,谢幼如
一个巴黎不快乐,谢幼如
SCNU19级李晓莉,谢幼如
SCNU19级班华婷,谢幼如
SCNU19级班华婷,谢幼如
我对于你,谢幼如
我对于你,谢幼如
梁岭岭,谢幼如
梁岭岭,谢幼如
SCNU19级孙蔚妍,谢幼如
SCNU19级孙蔚妍,谢幼如
mooc河南济源五龙口镇实验小学葛亚娟,谢幼如
mooc河南济源五龙口镇实验小学葛亚娟,谢幼如
mooc62003992301382809,谢幼如
mooc62003992301382809,谢幼如
mooc5342817846038017,谢幼如
mooc5342817846038017,谢幼如
抆,谢幼如
金渤,谢幼如
金渤,谢幼如
金渤,谢幼如
金渤,谢幼如
a邓红蕊,谢幼如
a邓红蕊,谢幼如
安百胜,谢幼如
安百胜,谢幼如
六元M,谢幼如
六元M,谢幼如
Ailsa0814,谢幼如
Ailsa0814,谢幼如
咖啡mooc707,谢幼如
咖啡mooc707,谢幼如
倩妮mooc,谢幼如
王季霞,谢幼如
王季霞,谢幼如
王季霞,谢幼如
王季霞,谢幼如
马秋芳,谢幼如
马秋芳,谢幼如
金渤,谢幼如
金渤,谢幼如
新乡九中黄艳花,谢幼如
新乡九中黄艳花,谢幼如
Hugoykt1499243472119,谢幼如
Hugoykt1499243472119,谢幼如
?????,谢幼如
?????,谢幼如
mooc859045562545221,谢幼如
SCNU19级王笑宸,谢幼如
SCNU19级王笑宸,谢幼如
周云帆mooc,谢幼如
周云帆mooc,谢幼如
段姣mooc,谢幼如
段姣mooc,谢幼如
ly303999163com,谢幼如
ly303999163com,谢幼如
前桌xlg,谢幼如
前桌xlg,谢幼如
林夕mooc307,谢幼如
林夕mooc307,谢幼如
李树俊,谢幼如
mooc1222132039547022,IDStudio_黎佳
mooc1222132039547022,IDStudio_黎佳
SCNU19级钟惠文,IDStudio_黎佳
SCNU19级钟惠文,IDStudio_黎佳
mooc38708059729605243,IDStudio_黎佳
mooc38708059729605243,IDStudio_黎佳
中德-徐纯,IDStudio_黎佳
中德-徐纯,IDStudio_黎佳
子灿华,IDStudio_黎佳
子灿华,IDStudio_黎佳
scnu19级蔡镇鸿,IDStudio_黎佳
scnu19级蔡镇鸿,IDStudio_黎佳
mooc89215049641089700,IDStudio_黎佳
mooc89215049641089700,IDStudio_黎佳
是穆清啊,IDStudio_黎佳
戴mooc102,IDStudio_黎佳
戴mooc102,IDStudio_黎佳
井中月moerhu,IDStudio_黎佳
井中月moerhu,IDStudio_黎佳
钟嵘zr,IDStudio_黎佳
钟嵘zr,IDStudio_黎佳
泥泞留迹,IDStudio_黎佳
泥泞留迹,IDStudio_黎佳
小金贝贝,IDStudio_黎佳
小金贝贝,IDStudio_黎佳
枋木,IDStudio_黎佳
枋木,IDStudio_黎佳
丰城中专魏鹏,IDStudio_黎佳
丰城中专魏鹏,IDStudio_黎佳
0710李欢,IDStudio_黎佳
连寨小学万红,IDStudio_黎佳
连寨小学万红,IDStudio_黎佳
SCNU19王星楠,IDStudio_黎佳
SCNU19王星楠,IDStudio_黎佳
单雨秋,IDStudio_黎佳
单雨秋,IDStudio_黎佳
SCNU19龚文丽,IDStudio_黎佳
SCNU19龚文丽,IDStudio_黎佳
SCNU19级姚晓,IDStudio_黎佳
SCNU19级姚晓,IDStudio_黎佳
SCNU19级陈书芳,IDStudio_黎佳
SCNU19级陈书芳,IDStudio_黎佳
甘官屯乡中心小学--陈佳,IDStudio_黎佳
甘官屯乡中心小学--陈佳,IDStudio_黎佳
甘官屯乡中心小学--陈佳,IDStudio_黎佳
SCNU19韩孟羽,IDStudio_黎佳
SCNU19韩孟羽,IDStudio_黎佳
胡瑞娟,IDStudio_黎佳
胡瑞娟,IDStudio_黎佳
河师大实验中学李艳玲,IDStudio_黎佳
河师大实验中学李艳玲,IDStudio_黎佳
SCNU19级李新伟,IDStudio_黎佳
SCNU19级李新伟,IDStudio_黎佳
xiximooc233,IDStudio_黎佳
xiximooc233,IDStudio_黎佳
韩梅新乡市第四中学,IDStudio_黎佳
韩梅新乡市第四中学,IDStudio_黎佳
显示一直在线,IDStudio_黎佳
显示一直在线,IDStudio_黎佳
SCNU19现教朱君辉,IDStudio_黎佳
SCNU19级杨曦,IDStudio_黎佳
SCNU19级杨曦,IDStudio_黎佳
SCNU19级杨曦,IDStudio_黎佳
SCNU19级杨曦,IDStudio_黎佳
唐远萍,IDStudio_黎佳
唐远萍,IDStudio_黎佳
SCNU19级吴雅茵,IDStudio_黎佳
SCNU19级吴雅茵,IDStudio_黎佳
梁锦红,IDStudio_黎佳
梁锦红,IDStudio_黎佳
李铭1715060108,IDStudio_黎佳
李铭1715060108,IDStudio_黎佳
木子雨林,IDStudio_黎佳
木子雨林,IDStudio_黎佳
念mooc544,IDStudio_黎佳
小尘埃1,IDStudio_黎佳
小尘埃1,IDStudio_黎佳
段贤梅mooc,IDStudio_黎佳
段贤梅mooc,IDStudio_黎佳
mooc53577002297540464,IDStudio_黎佳
mooc53577002297540464,IDStudio_黎佳
SCNU19级黎周迪,IDStudio_黎佳
SCNU19级黎周迪,IDStudio_黎佳
二傻有你,IDStudio_黎佳
二傻有你,IDStudio_黎佳
SCNU19级李新伟,IDStudio_黎佳
SCNU19级李新伟,IDStudio_黎佳
咖啡mooc707,IDStudio_黎佳
咖啡mooc707,IDStudio_黎佳
mooc10807663542976178,IDStudio_黎佳
野猫行天下,IDStudio_黎佳
野猫行天下,IDStudio_黎佳
SCNU19级冯冠朝,IDStudio_黎佳
SCNU19级冯冠朝,IDStudio_黎佳
袁玉枝,IDStudio_黎佳
袁玉枝,IDStudio_黎佳
初色曾谙,IDStudio_黎佳
初色曾谙,IDStudio_黎佳
孙潇楠-华南师范大学,IDStudio_黎佳
孙潇楠-华南师范大学,IDStudio_黎佳
一个巴黎不快乐,IDStudio_黎佳
一个巴黎不快乐,IDStudio_黎佳
柠檬心mooc24,IDStudio_黎佳
柠檬心mooc24,IDStudio_黎佳
SCNU19级李晓莉,IDStudio_黎佳
我对于你,IDStudio_黎佳
我对于你,IDStudio_黎佳
SCNU19龚文丽,IDStudio_黎佳
SCNU19龚文丽,IDStudio_黎佳
SCNU19级孙蔚妍,IDStudio_黎佳
SCNU19级孙蔚妍,IDStudio_黎佳
mooc河南济源五龙口镇实验小学葛亚娟,IDStudio_黎佳
mooc河南济源五龙口镇实验小学葛亚娟,IDStudio_黎佳
Annmooc793,IDStudio_黎佳
Annmooc793,IDStudio_黎佳
河南省济源市五龙口镇实验小学李迎兵,IDStudio_黎佳
河南省济源市五龙口镇实验小学李迎兵,IDStudio_黎佳
mooc62003992301382809,IDStudio_黎佳
mooc62003992301382809,IDStudio_黎佳
mooc5342817846038017,IDStudio_黎佳
魔海霞,IDStudio_黎佳
魔海霞,IDStudio_黎佳
张雪洁zxj,IDStudio_黎佳
张雪洁zxj,IDStudio_黎佳
xwenguang,IDStudio_黎佳
xwenguang,IDStudio_黎佳
a邓红蕊,IDStudio_黎佳
a邓红蕊,IDStudio_黎佳
安百胜,IDStudio_黎佳
安百胜,IDStudio_黎佳
六元M,IDStudio_黎佳
六元M,IDStudio_黎佳
蹲在角落畵圈圈,IDStudio_黎佳
蹲在角落畵圈圈,IDStudio_黎佳
Ailsa0814,IDStudio_黎佳
王季霞,IDStudio_黎佳
王季霞,IDStudio_黎佳
梁岭岭,IDStudio_黎佳
梁岭岭,IDStudio_黎佳
梁岭岭,IDStudio_黎佳
金渤,IDStudio_黎佳
金渤,IDStudio_黎佳
新乡九中黄艳花,IDStudio_黎佳
新乡九中黄艳花,IDStudio_黎佳
Hugoykt1499243472119,IDStudio_黎佳
Hugoykt1499243472119,IDStudio_黎佳
抆,IDStudio_黎佳
抆,IDStudio_黎佳
?????,IDStudio_黎佳
?????,IDStudio_黎佳
段姣mooc,IDStudio_黎佳
段姣mooc,IDStudio_黎佳
ykt1512954962545,IDStudio_黎佳
ykt1512954962545,IDStudio_黎佳
ly303999163com,IDStudio_黎佳
ly303999163com,IDStudio_黎佳
小庞儿,IDStudio_黎佳
小庞儿,IDStudio_黎佳
李树俊,IDStudio_黎佳
李树俊,IDStudio_黎佳
酸枣mooc1,IDStudio_黎佳
酸枣mooc1,IDStudio_黎佳
mooc62003992301382809,IDStudio_黎佳
mooc62003992301382809,IDStudio_黎佳
0空间mooc1,IDStudio_黎佳
张振艳,IDStudio_黎佳
张振艳,IDStudio_黎佳
林夕mooc307,IDStudio_黎佳
林夕mooc307,IDStudio_黎佳
mooc1222132039547022,IDStudio_黎佳
mooc1222132039547022,IDStudio_黎佳
SCNU19级钟惠文,IDStudio_黎佳
SCNU19级钟惠文,IDStudio_黎佳
17教技杨坤,IDStudio_黎佳
17教技杨坤,IDStudio_黎佳
甘官屯乡中心小学--陈佳,IDStudio_黎佳
甘官屯乡中心小学--陈佳,IDStudio_黎佳
mooc38708059729605243,IDStudio_黎佳
mooc38708059729605243,IDStudio_黎佳
中德-徐纯,IDStudio_黎佳
中德-徐纯,IDStudio_黎佳
子灿华,IDStudio_黎佳
子灿华,IDStudio_黎佳
mooc89215049641089700,IDStudio_黎佳
0294章海宁,IDStudio_黎佳
0294章海宁,IDStudio_黎佳
戴mooc102,IDStudio_黎佳
戴mooc102,IDStudio_黎佳
戴mooc102,IDStudio_黎佳
SCNU19级郝晓敏,IDStudio_黎佳
SCNU19级郝晓敏,IDStudio_黎佳
钟嵘zr,IDStudio_黎佳
钟嵘zr,IDStudio_黎佳
泥泞留迹,IDStudio_黎佳
泥泞留迹,IDStudio_黎佳
小金贝贝,IDStudio_黎佳
小金贝贝,IDStudio_黎佳
小金贝贝,IDStudio_黎佳
枋木,IDStudio_黎佳
余柱梅,IDStudio_黎佳
余柱梅,IDStudio_黎佳
女孩简单,IDStudio_黎佳
女孩简单,IDStudio_黎佳
qianqiandexiao2427,IDStudio_黎佳
qianqiandexiao2427,IDStudio_黎佳
连寨小学万红,IDStudio_黎佳
连寨小学万红,IDStudio_黎佳
SCNU19王星楠,IDStudio_黎佳
SCNU19王星楠,IDStudio_黎佳
单雨秋,IDStudio_黎佳
单雨秋,IDStudio_黎佳
SCNU19级姚晓,IDStudio_黎佳
SCNU19级姚晓,IDStudio_黎佳
SCNU19级陈书芳,IDStudio_黎佳
SCNU19张璐,IDStudio_黎佳
SCNU19张璐,IDStudio_黎佳
冠县甘官屯乡中心小学--许继革,IDStudio_黎佳
冠县甘官屯乡中心小学--许继革,IDStudio_黎佳
冠县甘官屯乡中心小学--许继革,IDStudio_黎佳
梁锦红,IDStudio_黎佳
梁锦红,IDStudio_黎佳
胡瑞娟,IDStudio_黎佳
胡瑞娟,IDStudio_黎佳
河师大实验中学李艳玲,IDStudio_黎佳
河师大实验中学李艳玲,IDStudio_黎佳
xiximooc233,IDStudio_黎佳
xiximooc233,IDStudio_黎佳
韩梅新乡市第四中学,IDStudio_黎佳
韩梅新乡市第四中学,IDStudio_黎佳
mooc38597834573895626,IDStudio_黎佳
mooc38597834573895626,IDStudio_黎佳
江苏师大21级教育技术学研究生张诗敏,IDStudio_黎佳
江苏师大21级教育技术学研究生张诗敏,IDStudio_黎佳
SCNU19级张聚,IDStudio_黎佳
SCNU19级张聚,IDStudio_黎佳
新一街中学-李琰,IDStudio_黎佳
新一街中学-李琰,IDStudio_黎佳
SCNU19级杨曦,IDStudio_黎佳
SCNU19级杨曦,IDStudio_黎佳
唐远萍,IDStudio_黎佳
唐远萍,IDStudio_黎佳
SCNU19级吴雅茵,IDStudio_黎佳
SCNU19级吴雅茵,IDStudio_黎佳
梁锦红,IDStudio_黎佳
小尘埃1,IDStudio_黎佳
小尘埃1,IDStudio_黎佳
段贤梅mooc,IDStudio_黎佳
段贤梅mooc,IDStudio_黎佳
mooc53577002297540464,IDStudio_黎佳
mooc53577002297540464,IDStudio_黎佳
SCNU19级黎周迪,IDStudio_黎佳
SCNU19级黎周迪,IDStudio_黎佳
二傻有你,IDStudio_黎佳
二傻有你,IDStudio_黎佳
mooc10807663542976178,IDStudio_黎佳
mooc10807663542976178,IDStudio_黎佳
刚刚好mooc260,IDStudio_黎佳
刚刚好mooc260,IDStudio_黎佳
Dreammooc838,IDStudio_黎佳
麦郁,IDStudio_黎佳
麦郁,IDStudio_黎佳
SCNU19级钟扬,IDStudio_黎佳
SCNU19级钟扬,IDStudio_黎佳
SCNU19级黄雅俊,IDStudio_黎佳
SCNU19级黄雅俊,IDStudio_黎佳
SCNU19级冯冠朝,IDStudio_黎佳
SCNU19级冯冠朝,IDStudio_黎佳
野猫行天下,IDStudio_黎佳
野猫行天下,IDStudio_黎佳
袁玉枝,IDStudio_黎佳
袁玉枝,IDStudio_黎佳
SCNU19王星楠,IDStudio_黎佳
SCNU19王星楠,IDStudio_黎佳
谢旭双mooc,IDStudio_黎佳
陶孟玲,IDStudio_黎佳
陶孟玲,IDStudio_黎佳
SCNU19级班华婷,IDStudio_黎佳
SCNU19级班华婷,IDStudio_黎佳
我对于你,IDStudio_黎佳
我对于你,IDStudio_黎佳
SCNU19龚文丽,IDStudio_黎佳
SCNU19龚文丽,IDStudio_黎佳
SCNU19级李新伟,IDStudio_黎佳
SCNU19级李新伟,IDStudio_黎佳
SCNU19级孙蔚妍,IDStudio_黎佳
SCNU19级孙蔚妍,IDStudio_黎佳
mooc河南济源五龙口镇实验小学葛亚娟,IDStudio_黎佳
mooc河南济源五龙口镇实验小学葛亚娟,IDStudio_黎佳
中职英语Miss文,IDStudio_黎佳
郭敏Phoebe,IDStudio_黎佳
郭敏Phoebe,IDStudio_黎佳
SCNU19级邵小露,IDStudio_黎佳
SCNU19级邵小露,IDStudio_黎佳
mooc1027458422444660,IDStudio_黎佳
mooc1027458422444660,IDStudio_黎佳
寻见201907,IDStudio_黎佳
寻见201907,IDStudio_黎佳
张雪洁zxj,IDStudio_黎佳
张雪洁zxj,IDStudio_黎佳
a邓红蕊,IDStudio_黎佳
a邓红蕊,IDStudio_黎佳
安百胜,IDStudio_黎佳
安百胜,IDStudio_黎佳
mooc62003992301382809,IDStudio_黎佳
王季霞,IDStudio_黎佳
王季霞,IDStudio_黎佳
遥远的相似性,IDStudio_黎佳
遥远的相似性,IDStudio_黎佳
考官A-,IDStudio_黎佳
考官A-,IDStudio_黎佳
金渤,IDStudio_黎佳
金渤,IDStudio_黎佳
制芨荷以为衣兮,IDStudio_黎佳
制芨荷以为衣兮,IDStudio_黎佳
尚君陌,IDStudio_黎佳
尚君陌,IDStudio_黎佳
mooc1522497135083,IDStudio_黎佳
mooc1522497135083,IDStudio_黎佳
酷MA萌小李,IDStudio_黎佳
?????,IDStudio_黎佳
?????,IDStudio_黎佳
mooc859045562545221,IDStudio_黎佳
mooc859045562545221,IDStudio_黎佳
137666666666,IDStudio_黎佳
137666666666,IDStudio_黎佳
小庞儿,IDStudio_黎佳
小庞儿,IDStudio_黎佳
李树俊,IDStudio_黎佳
李树俊,IDStudio_黎佳
Hugoykt1499243472119,IDStudio_黎佳
Hugoykt1499243472119,IDStudio_黎佳
mooc62003992301382809,IDStudio_黎佳
mooc62003992301382809,IDStudio_黎佳
0空间mooc1,IDStudio_黎佳
新乡九中黄艳花,IDStudio_黎佳
新乡九中黄艳花,IDStudio_黎佳
胡英华h,IDStudio_黎佳
胡英华h,IDStudio_黎佳
酸枣mooc1,IDStudio_黎佳
酸枣mooc1,IDStudio_黎佳
张振艳,IDStudio_黎佳
张振艳,IDStudio_黎佳
张彦伟张彦伟,IDStudio_黎佳
张彦伟张彦伟,IDStudio_黎佳
皮卡皮卡wu,IDStudio_黎佳
皮卡皮卡wu,IDStudio_黎佳
溪流过后,IDStudio_黎佳
mooc1222132039547022,IDStudio_黎佳
mooc1222132039547022,IDStudio_黎佳
SCNU19级钟惠文,IDStudio_黎佳
SCNU19级钟惠文,IDStudio_黎佳
mooc38708059729605243,IDStudio_黎佳
mooc38708059729605243,IDStudio_黎佳
中德-徐纯,IDStudio_黎佳
中德-徐纯,IDStudio_黎佳
scnu19级蔡镇鸿,IDStudio_黎佳
scnu19级蔡镇鸿,IDStudio_黎佳
ET吴镇雄,IDStudio_黎佳
ET吴镇雄,IDStudio_黎佳
ET吴镇雄,IDStudio_黎佳
SCNU19级朱冬晓,IDStudio_黎佳
SCNU19级朱冬晓,IDStudio_黎佳
SCNU19级郝晓敏,IDStudio_黎佳
SCNU19级郝晓敏,IDStudio_黎佳
SCNU19级郝晓敏,IDStudio_黎佳
钟嵘zr,IDStudio_黎佳
钟嵘zr,IDStudio_黎佳
泥泞留迹,IDStudio_黎佳
泥泞留迹,IDStudio_黎佳
小金贝贝,IDStudio_黎佳
小金贝贝,IDStudio_黎佳
枋木,IDStudio_黎佳
枋木,IDStudio_黎佳
丰城中专魏鹏,IDStudio_黎佳
丰城中专魏鹏,IDStudio_黎佳
冠县甘官屯乡中心小学--付洪芳,IDStudio_黎佳
冠县甘官屯乡中心小学--付洪芳,IDStudio_黎佳
连寨小学万红,IDStudio_黎佳
连寨小学万红,IDStudio_黎佳
连寨小学万红,IDStudio_黎佳
qianqiandexiao2427,IDStudio_黎佳
qianqiandexiao2427,IDStudio_黎佳
SCNU19王星楠,IDStudio_黎佳
SCNU19王星楠,IDStudio_黎佳
ddjj1997,IDStudio_黎佳
ddjj1997,IDStudio_黎佳
单雨秋,IDStudio_黎佳
单雨秋,IDStudio_黎佳
SCNU19级姚晓,IDStudio_黎佳
SCNU19级姚晓,IDStudio_黎佳
SCNU19级陈书芳,IDStudio_黎佳
SCNU19级陈书芳,IDStudio_黎佳
SCNU19现教朱君辉,IDStudio_黎佳
SCNU19现教朱君辉,IDStudio_黎佳
FERC黄何-华南师大,IDStudio_黎佳
FERC黄何-华南师大,IDStudio_黎佳
Scnu19级赵文强,IDStudio_黎佳
Scnu19级赵文强,IDStudio_黎佳
柚子mooc948,IDStudio_黎佳
柚子mooc948,IDStudio_黎佳
mooc38597834573895626,IDStudio_黎佳
mooc38597834573895626,IDStudio_黎佳
江苏师大21级教育技术学研究生张诗敏,IDStudio_黎佳
江苏师大21级教育技术学研究生张诗敏,IDStudio_黎佳
SCNU19级张聚,IDStudio_黎佳
SCNU19级张聚,IDStudio_黎佳
樱桃小新新,IDStudio_黎佳
左茂红,IDStudio_黎佳
左茂红,IDStudio_黎佳
小尘埃1,IDStudio_黎佳
小尘埃1,IDStudio_黎佳
小尘埃1,IDStudio_黎佳
小尘埃1,IDStudio_黎佳
段贤梅mooc,IDStudio_黎佳
段贤梅mooc,IDStudio_黎佳
mooc53577002297540464,IDStudio_黎佳
mooc53577002297540464,IDStudio_黎佳
SCNU19级黎周迪,IDStudio_黎佳
SCNU19级黎周迪,IDStudio_黎佳
二傻有你,IDStudio_黎佳
二傻有你,IDStudio_黎佳
mooc10807663542976178,IDStudio_黎佳
SCNU19级黄雅俊,IDStudio_黎佳
SCNU19级黄雅俊,IDStudio_黎佳
袁玉枝,IDStudio_黎佳
袁玉枝,IDStudio_黎佳
SCNU19级冯冠朝,IDStudio_黎佳
SCNU19级冯冠朝,IDStudio_黎佳
刚刚好mooc260,IDStudio_黎佳
刚刚好mooc260,IDStudio_黎佳
谢旭双mooc,IDStudio_黎佳
谢旭双mooc,IDStudio_黎佳
一个巴黎不快乐,IDStudio_黎佳
一个巴黎不快乐,IDStudio_黎佳
柠檬心mooc24,IDStudio_黎佳
柠檬心mooc24,IDStudio_黎佳
SCNU19王星楠,IDStudio_黎佳
SCNU19龚文丽,IDStudio_黎佳
SCNU19龚文丽,IDStudio_黎佳
SCNU19级李新伟,IDStudio_黎佳
SCNU19级李新伟,IDStudio_黎佳
SCNU19级孙蔚妍,IDStudio_黎佳
SCNU19级孙蔚妍,IDStudio_黎佳
mooc河南济源五龙口镇实验小学葛亚娟,IDStudio_黎佳
mooc河南济源五龙口镇实验小学葛亚娟,IDStudio_黎佳
中职英语Miss文,IDStudio_黎佳
中职英语Miss文,IDStudio_黎佳
河南省济源市五龙口镇实验小学李迎兵,IDStudio_黎佳
河南省济源市五龙口镇实验小学李迎兵,IDStudio_黎佳
mooc5342817846038017,IDStudio_黎佳
mooc5342817846038017,IDStudio_黎佳
EchoID,IDStudio_黎佳
a邓红蕊,IDStudio_黎佳
a邓红蕊,IDStudio_黎佳
安百胜,IDStudio_黎佳
安百胜,IDStudio_黎佳
张雪洁zxj,IDStudio_黎佳
张雪洁zxj,IDStudio_黎佳
六元M,IDStudio_黎佳
六元M,IDStudio_黎佳
蹲在角落畵圈圈,IDStudio_黎佳
蹲在角落畵圈圈,IDStudio_黎佳
Ailsa0814,IDStudio_黎佳
Ailsa0814,IDStudio_黎佳
杜习勇,IDStudio_黎佳
杜习勇,IDStudio_黎佳
SCNU19级班华婷,IDStudio_黎佳
考官A-,IDStudio_黎佳
考官A-,IDStudio_黎佳
金渤,IDStudio_黎佳
金渤,IDStudio_黎佳
制芨荷以为衣兮,IDStudio_黎佳
制芨荷以为衣兮,IDStudio_黎佳
mooc1522497135083,IDStudio_黎佳
mooc1522497135083,IDStudio_黎佳
酷MA萌小李,IDStudio_黎佳
酷MA萌小李,IDStudio_黎佳
?????,IDStudio_黎佳
?????,IDStudio_黎佳
鸟大翼ykt57854109504509648,IDStudio_黎佳
鸟大翼ykt57854109504509648,IDStudio_黎佳
ascherrygirl,IDStudio_黎佳
?????,IDStudio_黎佳
?????,IDStudio_黎佳
FERC黄何-华南师大,IDStudio_黎佳
FERC黄何-华南师大,IDStudio_黎佳
137666666666,IDStudio_黎佳
137666666666,IDStudio_黎佳
李树俊,IDStudio_黎佳
李树俊,IDStudio_黎佳
周云帆mooc,IDStudio_黎佳
周云帆mooc,IDStudio_黎佳
Hugoykt1499243472119,IDStudio_黎佳
Hugoykt1499243472119,IDStudio_黎佳
0空间mooc1,IDStudio_黎佳
0空间mooc1,IDStudio_黎佳
医学院弦乐,IDStudio_黎佳
新乡九中黄艳花,IDStudio_黎佳
新乡九中黄艳花,IDStudio_黎佳
胡英华h,IDStudio_黎佳
胡英华h,IDStudio_黎佳
酸枣mooc1,IDStudio_黎佳
酸枣mooc1,IDStudio_黎佳
张振艳,IDStudio_黎佳
张振艳,IDStudio_黎佳
张彦伟张彦伟,IDStudio_黎佳
张彦伟张彦伟,IDStudio_黎佳
SCNU19级王笑宸,IDStudio_黎佳
SCNU19级王笑宸,IDStudio_黎佳
皮卡皮卡wu,IDStudio_黎佳
SCNU19级钟惠文,IDStudio_黎佳
SCNU19级钟惠文,IDStudio_黎佳
17教技杨坤,IDStudio_黎佳
17教技杨坤,IDStudio_黎佳
甘官屯乡中心小学--陈佳,IDStudio_黎佳
甘官屯乡中心小学--陈佳,IDStudio_黎佳
SCNU19级刘颖琳,IDStudio_黎佳
SCNU19级刘颖琳,IDStudio_黎佳
mooc38708059729605243,IDStudio_黎佳
mooc38708059729605243,IDStudio_黎佳
中德-徐纯,IDStudio_黎佳
中德-徐纯,IDStudio_黎佳
子灿华,IDStudio_黎佳
子灿华,IDStudio_黎佳
5553你好,IDStudio_黎佳
井中月moerhu,IDStudio_黎佳
井中月moerhu,IDStudio_黎佳
井中月moerhu,IDStudio_黎佳
井中月moerhu,IDStudio_黎佳
SCNU19级郝晓敏,IDStudio_黎佳
SCNU19级郝晓敏,IDStudio_黎佳
钟嵘zr,IDStudio_黎佳
钟嵘zr,IDStudio_黎佳
泥泞留迹,IDStudio_黎佳
泥泞留迹,IDStudio_黎佳
枋木,IDStudio_黎佳
枋木,IDStudio_黎佳
SCNU19级陈晓彤,IDStudio_黎佳
SCNU19级陈晓彤,IDStudio_黎佳
冠县甘官屯乡中心小学--付洪芳,IDStudio_黎佳
hy2191618375,IDStudio_黎佳
hy2191618375,IDStudio_黎佳
hy2191618375,IDStudio_黎佳
余柱梅,IDStudio_黎佳
余柱梅,IDStudio_黎佳
女孩简单,IDStudio_黎佳
女孩简单,IDStudio_黎佳
韩梅新乡市第四中学,IDStudio_黎佳
韩梅新乡市第四中学,IDStudio_黎佳
韩梅新乡市第四中学,IDStudio_黎佳
韩梅新乡市第四中学,IDStudio_黎佳
韩梅新乡市第四中学,IDStudio_黎佳
韩梅新乡市第四中学,IDStudio_黎佳
qianqiandexiao2427,IDStudio_黎佳
qianqiandexiao2427,IDStudio_黎佳
小里小外,IDStudio_黎佳
小里小外,IDStudio_黎佳
SCNU19级黄嘉歆,IDStudio_黎佳
SCNU19级黄嘉歆,IDStudio_黎佳
冠县甘官屯乡中心小学-邢俊秀,IDStudio_黎佳
冠县甘官屯乡中心小学-邢俊秀,IDStudio_黎佳
赵桂莲,IDStudio_黎佳
赵桂莲,IDStudio_黎佳
芒果柠檬蜂蜜柚子茶123,IDStudio_黎佳
芒果柠檬蜂蜜柚子茶123,IDStudio_黎佳
SCNU19张璐,IDStudio_黎佳
SCNU19张璐,IDStudio_黎佳
胡瑞娟,IDStudio_黎佳
胡瑞娟,IDStudio_黎佳
河师大实验中学李艳玲,IDStudio_黎佳
江苏师大21级教育技术学研究生张诗敏,IDStudio_黎佳
江苏师大21级教育技术学研究生张诗敏,IDStudio_黎佳
柚子mooc948,IDStudio_黎佳
柚子mooc948,IDStudio_黎佳
SCNU19级张聚,IDStudio_黎佳
SCNU19级张聚,IDStudio_黎佳
墨色瑾年一世清欢,IDStudio_黎佳
墨色瑾年一世清欢,IDStudio_黎佳
新一街中学-李琰,IDStudio_黎佳
新一街中学-李琰,IDStudio_黎佳
SCNU19级杨曦,IDStudio_黎佳
SCNU19级杨曦,IDStudio_黎佳
SCNU19级钟扬,IDStudio_黎佳
SCNU19级钟扬,IDStudio_黎佳
唐远萍,IDStudio_黎佳
小尘埃1,IDStudio_黎佳
小尘埃1,IDStudio_黎佳
小尘埃1,IDStudio_黎佳
段贤梅mooc,IDStudio_黎佳
段贤梅mooc,IDStudio_黎佳
mooc53577002297540464,IDStudio_黎佳
mooc53577002297540464,IDStudio_黎佳
SCNU19级黎周迪,IDStudio_黎佳
SCNU19级黎周迪,IDStudio_黎佳
何鑫mooc27,IDStudio_黎佳
何鑫mooc27,IDStudio_黎佳
訫渓,IDStudio_黎佳
訫渓,IDStudio_黎佳
二傻有你,IDStudio_黎佳
二傻有你,IDStudio_黎佳
经常过来学习,IDStudio_黎佳
经常过来学习,IDStudio_黎佳
SCNU19级陈晓彤,IDStudio_黎佳
SCNU19级陈晓彤,IDStudio_黎佳
SCNU19级郭玉霞,IDStudio_黎佳
SCNU19级郭玉霞,IDStudio_黎佳
SCNU19级郭玉霞,IDStudio_黎佳
稽亚娜,IDStudio_黎佳
稽亚娜,IDStudio_黎佳
SCNU19级钟扬,IDStudio_黎佳
SCNU19级钟扬,IDStudio_黎佳
麦郁,IDStudio_黎佳
麦郁,IDStudio_黎佳
SCNU19级黄雅俊,IDStudio_黎佳
SCNU19级黄雅俊,IDStudio_黎佳
孙潇楠-华南师范大学,IDStudio_黎佳
孙潇楠-华南师范大学,IDStudio_黎佳
一个巴黎不快乐,IDStudio_黎佳
一个巴黎不快乐,IDStudio_黎佳
陶孟玲,IDStudio_黎佳
陶孟玲,IDStudio_黎佳
我对于你,IDStudio_黎佳
我对于你,IDStudio_黎佳
SCNU19级李新伟,IDStudio_黎佳
SCNU19级李新伟,IDStudio_黎佳
梁岭岭,IDStudio_黎佳
梁岭岭,IDStudio_黎佳
SCNU19级孙蔚妍,IDStudio_黎佳
SCNU19级孙蔚妍,IDStudio_黎佳
mooc河南济源五龙口镇实验小学葛亚娟,IDStudio_黎佳
a邓红蕊,IDStudio_黎佳
a邓红蕊,IDStudio_黎佳
安百胜,IDStudio_黎佳
安百胜,IDStudio_黎佳
张雪洁zxj,IDStudio_黎佳
张雪洁zxj,IDStudio_黎佳
蹲在角落畵圈圈,IDStudio_黎佳
蹲在角落畵圈圈,IDStudio_黎佳
Ailsa0814,IDStudio_黎佳
Ailsa0814,IDStudio_黎佳
杜习勇,IDStudio_黎佳
杜习勇,IDStudio_黎佳
CherryYeung,IDStudio_黎佳
CherryYeung,IDStudio_黎佳
hnuwrt,IDStudio_黎佳
梁岭岭,IDStudio_黎佳
梁岭岭,IDStudio_黎佳
梁岭岭,IDStudio_黎佳
梁岭岭,IDStudio_黎佳
梁岭岭,IDStudio_黎佳
遥远的相似性,IDStudio_黎佳
遥远的相似性,IDStudio_黎佳
Dreammooc838,IDStudio_黎佳
Dreammooc838,IDStudio_黎佳
mooc1522497135083,IDStudio_黎佳
mooc1522497135083,IDStudio_黎佳
SCNU19级朱冬晓,IDStudio_黎佳
SCNU19级朱冬晓,IDStudio_黎佳
鸟大翼ykt57854109504509648,IDStudio_黎佳
鸟大翼ykt57854109504509648,IDStudio_黎佳
0空间mooc1,IDStudio_黎佳
0空间mooc1,IDStudio_黎佳
SCNU19级邵小露,IDStudio_黎佳
SCNU19级邵小露,IDStudio_黎佳
吉林长春孙小美,IDStudio_黎佳
吉林长春孙小美,IDStudio_黎佳
mooc62003992301382809,IDStudio_黎佳
mooc62003992301382809,IDStudio_黎佳
倩妮mooc,IDStudio_黎佳
倩妮mooc,IDStudio_黎佳
天若妒我天亦可灭,IDStudio_黎佳
天若妒我天亦可灭,IDStudio_黎佳
天若妒我天亦可灭,IDStudio_黎佳
Lifetimeykt1522750686111,IDStudio_黎佳
Lifetimeykt1522750686111,IDStudio_黎佳
SCNU19级王笑宸,IDStudio_黎佳
SCNU19级王笑宸,IDStudio_黎佳
六元M,IDStudio_黎佳
六元M,IDStudio_黎佳
新乡凤泉郭柳小学张素芬,IDStudio_黎佳
新乡凤泉郭柳小学张素芬,IDStudio_黎佳
SCNU19级韩璐,IDStudio_黎佳
SCNU19级韩璐,IDStudio_黎佳
mooc1488461700355,IDStudio_黎佳
mooc1488461700355,IDStudio_黎佳
mooc89215049641089700,IDStudio_黎佳
mooc89215049641089700,IDStudio_黎佳
段姣mooc,IDStudio_黎佳
段姣mooc,IDStudio_黎佳
尚君陌,IDStudio_黎佳
张呆呆1007,IDStudio_黎佳
张呆呆1007,IDStudio_黎佳
烟工职院隋志远,IDStudio_黎佳
烟工职院隋志远,IDStudio_黎佳
杜金丝,IDStudio_黎佳
杜金丝,IDStudio_黎佳
沐曦之星,IDStudio_黎佳
沐曦之星,IDStudio_黎佳
魔海霞,IDStudio_黎佳
魔海霞,IDStudio_黎佳
马福梅,IDStudio_黎佳
马福梅,IDStudio_黎佳
刘莹mooc38,IDStudio_黎佳
刘莹mooc38,IDStudio_黎佳
ykt1512954962545,IDStudio_黎佳
mooc1535940404835王仁飞,IDStudio_黎佳
mooc1535940404835王仁飞,IDStudio_黎佳
王季霞,IDStudio_黎佳
王季霞,IDStudio_黎佳
张振艳,IDStudio_黎佳
张振艳,IDStudio_黎佳
金渤,IDStudio_黎佳
金渤,IDStudio_黎佳
溪流过后,IDStudio_黎佳
SCNU19级钟惠文,IDStudio_黎佳
SCNU19级钟惠文,IDStudio_黎佳
17教技杨坤,IDStudio_黎佳
17教技杨坤,IDStudio_黎佳
甘官屯乡中心小学--陈佳,IDStudio_黎佳
甘官屯乡中心小学--陈佳,IDStudio_黎佳
mooc38708059729605243,IDStudio_黎佳
mooc38708059729605243,IDStudio_黎佳
中德-徐纯,IDStudio_黎佳
中德-徐纯,IDStudio_黎佳
子灿华,IDStudio_黎佳
子灿华,IDStudio_黎佳
5553你好,IDStudio_黎佳
5553你好,IDStudio_黎佳
scnu19级蔡镇鸿,IDStudio_黎佳
SCNU19级郝晓敏,IDStudio_黎佳
SCNU19级郝晓敏,IDStudio_黎佳
钟嵘zr,IDStudio_黎佳
钟嵘zr,IDStudio_黎佳
泥泞留迹,IDStudio_黎佳
泥泞留迹,IDStudio_黎佳
小金贝贝,IDStudio_黎佳
小金贝贝,IDStudio_黎佳
枋木,IDStudio_黎佳
枋木,IDStudio_黎佳
赵桂莲,IDStudio_黎佳
赵桂莲,IDStudio_黎佳
丰城中专魏鹏,IDStudio_黎佳
丰城中专魏鹏,IDStudio_黎佳
冠县甘官屯乡中心小学--付洪芳,IDStudio_黎佳
女孩简单,IDStudio_黎佳
女孩简单,IDStudio_黎佳
韩梅新乡市第四中学,IDStudio_黎佳
韩梅新乡市第四中学,IDStudio_黎佳
韩梅新乡市第四中学,IDStudio_黎佳
韩梅新乡市第四中学,IDStudio_黎佳
韩梅新乡市第四中学,IDStudio_黎佳
SCNU19王星楠,IDStudio_黎佳
SCNU19王星楠,IDStudio_黎佳
ddjj1997,IDStudio_黎佳
ddjj1997,IDStudio_黎佳
单雨秋,IDStudio_黎佳
单雨秋,IDStudio_黎佳
SCNU19级姚晓,IDStudio_黎佳
SCNU19级姚晓,IDStudio_黎佳
xiximooc233,IDStudio_黎佳
xiximooc233,IDStudio_黎佳
显示一直在线,IDStudio_黎佳
显示一直在线,IDStudio_黎佳
SCNU19现教朱君辉,IDStudio_黎佳
SCNU19现教朱君辉,IDStudio_黎佳
鲁晓燕额,IDStudio_黎佳
鲁晓燕额,IDStudio_黎佳
Scnu19级赵文强,IDStudio_黎佳
Scnu19级赵文强,IDStudio_黎佳
mooc38597834573895626,IDStudio_黎佳
mooc38597834573895626,IDStudio_黎佳
柚子mooc948,IDStudio_黎佳
柚子mooc948,IDStudio_黎佳
新一街中学-李琰,IDStudio_黎佳
SCNU19级黎周迪,IDStudio_黎佳
SCNU19级黎周迪,IDStudio_黎佳
訫渓,IDStudio_黎佳
訫渓,IDStudio_黎佳
二傻有你,IDStudio_黎佳
二傻有你,IDStudio_黎佳
咖啡mooc707,IDStudio_黎佳
咖啡mooc707,IDStudio_黎佳
mooc10807663542976178,IDStudio_黎佳
mooc10807663542976178,IDStudio_黎佳
念mooc544,IDStudio_黎佳
念mooc544,IDStudio_黎佳
刚刚好mooc260,IDStudio_黎佳
刚刚好mooc260,IDStudio_黎佳
叶云天,IDStudio_黎佳
袁玉枝,IDStudio_黎佳
袁玉枝,IDStudio_黎佳
SCNU19级冯冠朝,IDStudio_黎佳
SCNU19级冯冠朝,IDStudio_黎佳
谢旭双mooc,IDStudio_黎佳
谢旭双mooc,IDStudio_黎佳
一个巴黎不快乐,IDStudio_黎佳
一个巴黎不快乐,IDStudio_黎佳
柠檬心mooc24,IDStudio_黎佳
柠檬心mooc24,IDStudio_黎佳
SCNU19级李晓莉,IDStudio_黎佳
SCNU19级李晓莉,IDStudio_黎佳
mooc54353935528906350,IDStudio_黎佳
mooc54353935528906350,IDStudio_黎佳
mooc姚真,IDStudio_黎佳
mooc5342817846038017,IDStudio_黎佳
mooc5342817846038017,IDStudio_黎佳
EchoID,IDStudio_黎佳
EchoID,IDStudio_黎佳
Annmooc793,IDStudio_黎佳
Annmooc793,IDStudio_黎佳
中职英语Miss文,IDStudio_黎佳
中职英语Miss文,IDStudio_黎佳
梁晓杰,IDStudio_黎佳
梁晓杰,IDStudio_黎佳
梁晓杰,IDStudio_黎佳
SCNU19级邵小露,IDStudio_黎佳
SCNU19级邵小露,IDStudio_黎佳
寻见201907,IDStudio_黎佳
寻见201907,IDStudio_黎佳
杜习勇,IDStudio_黎佳
杜习勇,IDStudio_黎佳
CherryYeung,IDStudio_黎佳
CherryYeung,IDStudio_黎佳
SCNU19级班华婷,IDStudio_黎佳
SCNU19级班华婷,IDStudio_黎佳
张彦伟张彦伟,IDStudio_黎佳
张彦伟张彦伟,IDStudio_黎佳
张彦伟张彦伟,IDStudio_黎佳
梁岭岭,IDStudio_黎佳
梁岭岭,IDStudio_黎佳
梁岭岭,IDStudio_黎佳
梁岭岭,IDStudio_黎佳
遥远的相似性,IDStudio_黎佳
遥远的相似性,IDStudio_黎佳
酷MA萌小李,IDStudio_黎佳
酷MA萌小李,IDStudio_黎佳
鸟大翼ykt57854109504509648,IDStudio_黎佳
鸟大翼ykt57854109504509648,IDStudio_黎佳
hnuwrt,IDStudio_黎佳
hnuwrt,IDStudio_黎佳
ascherrygirl,IDStudio_黎佳
ascherrygirl,IDStudio_黎佳
SCNU19级韩璐,IDStudio_黎佳
SCNU19级韩璐,IDStudio_黎佳
ykt1512954962545,IDStudio_黎佳
ykt1512954962545,IDStudio_黎佳
ly303999163com,IDStudio_黎佳
ly303999163com,IDStudio_黎佳
小庞儿,IDStudio_黎佳
天若妒我天亦可灭,IDStudio_黎佳
天若妒我天亦可灭,IDStudio_黎佳
Lifetimeykt1522750686111,IDStudio_黎佳
Lifetimeykt1522750686111,IDStudio_黎佳
咖啡mooc707,IDStudio_黎佳
咖啡mooc707,IDStudio_黎佳
初色曾谙,IDStudio_黎佳
初色曾谙,IDStudio_黎佳
zher珍儿,IDStudio_黎佳
zher珍儿,IDStudio_黎佳
mooc1886057588605195,IDStudio_黎佳
mooc1886057588605195,IDStudio_黎佳
FADINGFOG,IDStudio_黎佳
FADINGFOG,IDStudio_黎佳
新乡九中黄艳花,IDStudio_黎佳
mooc1488461700355,IDStudio_黎佳
mooc1488461700355,IDStudio_黎佳
沐曦之星,IDStudio_黎佳
沐曦之星,IDStudio_黎佳
林夕mooc307,IDStudio_黎佳
林夕mooc307,IDStudio_黎佳
SCNU19级钟惠文,谢幼如
SCNU19级钟惠文,谢幼如
mooc38708059729605243,谢幼如
mooc38708059729605243,谢幼如
mooc38708059729605243,谢幼如
中德-徐纯,谢幼如
中德-徐纯,谢幼如
5553你好,谢幼如
5553你好,谢幼如
mooc70495562977183488,谢幼如
mooc70495562977183488,谢幼如
是穆清啊,谢幼如
是穆清啊,谢幼如
SCNU19韩孟羽,谢幼如
SCNU19韩孟羽,谢幼如
冠县甘官屯乡中心小学--付洪芳,谢幼如
冠县甘官屯乡中心小学--付洪芳,谢幼如
0710李欢,谢幼如
0710李欢,谢幼如
aqiuyang,谢幼如
aqiuyang,谢幼如
丰城中专魏鹏,谢幼如
丰城中专魏鹏,谢幼如
丰城中专魏鹏,谢幼如
丰城中专魏鹏,谢幼如
丰城中专魏鹏,谢幼如
墨色瑾年一世清欢,谢幼如
墨色瑾年一世清欢,谢幼如
子灿华,谢幼如
子灿华,谢幼如
子灿华,谢幼如
子灿华,谢幼如
子灿华,谢幼如
子灿华,谢幼如
子灿华,谢幼如
党雪妮,谢幼如
党雪妮,谢幼如
17教技杨坤,谢幼如
17教技杨坤,谢幼如
hy2191618375,谢幼如
hy2191618375,谢幼如
ET吴镇雄,谢幼如
ET吴镇雄,谢幼如
余柱梅,谢幼如
余柱梅,谢幼如
SCNU19级姚晓,谢幼如
SCNU19级姚晓,谢幼如
SCNU19级王玉珍,谢幼如
SCNU19级王玉珍,谢幼如
qianqiandexiao2427,谢幼如
qianqiandexiao2427,谢幼如
维木子mooc,谢幼如
维木子mooc,谢幼如
甘官屯乡中心小学--陈佳,谢幼如
甘官屯乡中心小学--陈佳,谢幼如
甘官屯乡中心小学--陈佳,谢幼如
scnu19级蔡镇鸿,谢幼如
scnu19级蔡镇鸿,谢幼如
SCNU19级黄嘉歆,谢幼如
SCNU19级黄嘉歆,谢幼如
杨秀蕊,谢幼如
杨秀蕊,谢幼如
张振艳,谢幼如
张振艳,谢幼如
显示一直在线,谢幼如
显示一直在线,谢幼如
显示一直在线,谢幼如
SCNU19现教朱君辉,谢幼如
SCNU19现教朱君辉,谢幼如
SCNU19级陈书芳,谢幼如
SCNU19级陈书芳,谢幼如
SCNU19级陈书芳,谢幼如
鲁晓燕额,谢幼如
鲁晓燕额,谢幼如
Scnu19级赵文强,谢幼如
唐远萍,谢幼如
唐远萍,谢幼如
新一街中学-李琰,谢幼如
新一街中学-李琰,谢幼如
段贤梅mooc,谢幼如
段贤梅mooc,谢幼如
mooc53577002297540464,谢幼如
mooc53577002297540464,谢幼如
杨秋霜霜,谢幼如
杨秋霜霜,谢幼如
mooc1559202638647216,谢幼如
mooc1559202638647216,谢幼如
SCNU19级黎周迪,谢幼如
SCNU19级黎周迪,谢幼如
二傻有你,谢幼如
SCNU19级郭玉霞,谢幼如
SCNU19级郭玉霞,谢幼如
SCNU19级钟扬,谢幼如
SCNU19级钟扬,谢幼如
麦郁,谢幼如
麦郁,谢幼如
西北小江南,谢幼如
西北小江南,谢幼如
SCNU19级李晓莉,谢幼如
SCNU19级李晓莉,谢幼如
SCNU19级黄雅俊,谢幼如
SCNU19级黄雅俊,谢幼如
袁玉枝,谢幼如
袁玉枝,谢幼如
SCNU19级冯冠朝,谢幼如
SCNU19龚文丽,谢幼如
SCNU19龚文丽,谢幼如
SCNU19级李新伟,谢幼如
SCNU19级李新伟,谢幼如
SCNU19级孙蔚妍,谢幼如
SCNU19级孙蔚妍,谢幼如
mooc河南济源五龙口镇实验小学葛亚娟,谢幼如
mooc河南济源五龙口镇实验小学葛亚娟,谢幼如
河南省济源市五龙口镇实验小学李迎兵,谢幼如
河南省济源市五龙口镇实验小学李迎兵,谢幼如
SCNU19王星楠,谢幼如
SCNU19王星楠,谢幼如
mooc5342817846038017,谢幼如
mooc5342817846038017,谢幼如
Annmooc793,谢幼如
安百胜,谢幼如
安百胜,谢幼如
张雪洁zxj,谢幼如
张雪洁zxj,谢幼如
王小慧-Sherry,谢幼如
王小慧-Sherry,谢幼如
广职院谭雄辉,谢幼如
广职院谭雄辉,谢幼如
Ailsa0814,谢幼如
Ailsa0814,谢幼如
张彦伟张彦伟,谢幼如
张彦伟张彦伟,谢幼如
张彦伟张彦伟,谢幼如
张彦伟张彦伟,谢幼如
张彦伟张彦伟,谢幼如
王季霞,谢幼如
王季霞,谢幼如
梁岭岭,谢幼如
梁岭岭,谢幼如
王季霞,谢幼如
梁岭岭,谢幼如
梁岭岭,谢幼如
遥远的相似性,谢幼如
遥远的相似性,谢幼如
浮生k122082020101857751,谢幼如
浮生k122082020101857751,谢幼如
SCNU19级朱冬晓,谢幼如
SCNU19级朱冬晓,谢幼如
ascherrygirl,谢幼如
ascherrygirl,谢幼如
抆,谢幼如
抆,谢幼如
前桌xlg,谢幼如
前桌xlg,谢幼如
SCNU19级邵小露,谢幼如
SCNU19级邵小露,谢幼如
周云帆mooc,谢幼如
周云帆mooc,谢幼如
咖啡mooc707,谢幼如
咖啡mooc707,谢幼如
初色曾谙,谢幼如
初色曾谙,谢幼如
SCNU19级班华婷,谢幼如
SCNU19级班华婷,谢幼如
新乡九中黄艳花,谢幼如
段姣mooc,谢幼如
段姣mooc,谢幼如
EchoID,谢幼如
EchoID,谢幼如
安徽-蚌埠-晓晓,谢幼如
安徽-蚌埠-晓晓,谢幼如
Miamooc491,谢幼如
Miamooc491,谢幼如
谢旭双mooc,谢幼如
谢旭双mooc,谢幼如
陶孟玲,谢幼如
陶孟玲,谢幼如
PENG的天使,谢幼如
PENG的天使,谢幼如
mooc1027458422444660,谢幼如
新乡凤泉郭柳小学张素芬,谢幼如
新乡凤泉郭柳小学张素芬,谢幼如
爱吃火锅的老神仙,谢幼如
爱吃火锅的老神仙,谢幼如
xwenguang,谢幼如
xwenguang,谢幼如
ykt1512954962545,谢幼如
ykt1512954962545,谢幼如
梁锦红,谢幼如
梁锦红,谢幼如
mooc859045562545221,谢幼如
mooc859045562545221,谢幼如
mooc54353935528906350,谢幼如
mooc54353935528906350,谢幼如
胡瑞娟,谢幼如
柠檬心mooc24,谢幼如
柠檬心mooc24,谢幼如
fuwau-ka,谢幼如
fuwau-ka,谢幼如
mooc69882218554758614,谢幼如
mooc69882218554758614,谢幼如
马福梅,谢幼如
马福梅,谢幼如
mooc69983268037274106,谢幼如
mooc69983268037274106,谢幼如
张小样敏丫头,谢幼如
张小样敏丫头,谢幼如
尚君陌,谢幼如
尚君陌,谢幼如
壮改措,谢幼如
耄耋之,谢幼如
耄耋之,谢幼如
求尕,谢幼如
求尕,谢幼如
mooc1535940404835王仁飞,谢幼如
mooc1535940404835王仁飞,谢幼如
求尕,谢幼如
制芨荷以为衣兮,谢幼如
制芨荷以为衣兮,谢幼如
mooc1886057588605195,谢幼如
mooc1886057588605195,谢幼如
刘莹mooc38,谢幼如
刘莹mooc38,谢幼如
皮卡皮卡wu,谢幼如
皮卡皮卡wu,谢幼如
mooc79680701949283370,谢幼如
mooc79680701949283370,谢幼如
张彦伟张彦伟,谢幼如
显示一直在线,IDStudio_黎佳
显示一直在线,IDStudio_黎佳
SCNU19级钟惠文,IDStudio_黎佳
SCNU19级钟惠文,IDStudio_黎佳
SCNU19级刘颖琳,IDStudio_黎佳
SCNU19级刘颖琳,IDStudio_黎佳
mooc38708059729605243,IDStudio_黎佳
mooc38708059729605243,IDStudio_黎佳
中德-徐纯,IDStudio_黎佳
中德-徐纯,IDStudio_黎佳
5553你好,IDStudio_黎佳
5553你好,IDStudio_黎佳
是穆清啊,IDStudio_黎佳
是穆清啊,IDStudio_黎佳
李铭1715060108,IDStudio_黎佳
井中月moerhu,IDStudio_黎佳
井中月moerhu,IDStudio_黎佳
0710李欢,IDStudio_黎佳
0710李欢,IDStudio_黎佳
aqiuyang,IDStudio_黎佳
aqiuyang,IDStudio_黎佳
墨色瑾年一世清欢,IDStudio_黎佳
墨色瑾年一世清欢,IDStudio_黎佳
子灿华,IDStudio_黎佳
子灿华,IDStudio_黎佳
子灿华,IDStudio_黎佳
党雪妮,IDStudio_黎佳
党雪妮,IDStudio_黎佳
hy2191618375,IDStudio_黎佳
hy2191618375,IDStudio_黎佳
qianqiandexiao2427,IDStudio_黎佳
qianqiandexiao2427,IDStudio_黎佳
SCNU19级黄嘉歆,IDStudio_黎佳
SCNU19级黄嘉歆,IDStudio_黎佳
赵桂莲,IDStudio_黎佳
赵桂莲,IDStudio_黎佳
冠县甘官屯乡中心小学-邢俊秀,IDStudio_黎佳
冠县甘官屯乡中心小学-邢俊秀,IDStudio_黎佳
芒果柠檬蜂蜜柚子茶123,IDStudio_黎佳
芒果柠檬蜂蜜柚子茶123,IDStudio_黎佳
SCNU19张璐,IDStudio_黎佳
SCNU19张璐,IDStudio_黎佳
河师大实验中学李艳玲,IDStudio_黎佳
河师大实验中学李艳玲,IDStudio_黎佳
SCNU19现教朱君辉,IDStudio_黎佳
SCNU19级杨曦,IDStudio_黎佳
SCNU19级杨曦,IDStudio_黎佳
唐远萍,IDStudio_黎佳
唐远萍,IDStudio_黎佳
SCNU19级黄嘉华,IDStudio_黎佳
SCNU19级黄嘉华,IDStudio_黎佳
柚子mooc948,IDStudio_黎佳
柚子mooc948,IDStudio_黎佳
新一街中学-李琰,IDStudio_黎佳
新一街中学-李琰,IDStudio_黎佳
李丽萍L,IDStudio_黎佳
李丽萍L,IDStudio_黎佳
段贤梅mooc,IDStudio_黎佳
段贤梅mooc,IDStudio_黎佳
mooc53577002297540464,IDStudio_黎佳
SCNU19级陈晓彤,IDStudio_黎佳
SCNU19级陈晓彤,IDStudio_黎佳
SCNU19级郭玉霞,IDStudio_黎佳
SCNU19级郭玉霞,IDStudio_黎佳
訫渓,IDStudio_黎佳
訫渓,IDStudio_黎佳
SCNU19级钟扬,IDStudio_黎佳
SCNU19级钟扬,IDStudio_黎佳
SCNU19级李晓莉,IDStudio_黎佳
SCNU19级李晓莉,IDStudio_黎佳
SCNU19级黄雅俊,IDStudio_黎佳
SCNU19级黄雅俊,IDStudio_黎佳
袁玉枝,IDStudio_黎佳
袁玉枝,IDStudio_黎佳
SCNU19级冯冠朝,IDStudio_黎佳
SCNU19级孙蔚妍,IDStudio_黎佳
SCNU19级孙蔚妍,IDStudio_黎佳
河南省济源市五龙口镇实验小学李迎兵,IDStudio_黎佳
河南省济源市五龙口镇实验小学李迎兵,IDStudio_黎佳
SCNU19王星楠,IDStudio_黎佳
SCNU19王星楠,IDStudio_黎佳
mooc5342817846038017,IDStudio_黎佳
mooc5342817846038017,IDStudio_黎佳
dadaatmooc,IDStudio_黎佳
dadaatmooc,IDStudio_黎佳
Annmooc793,IDStudio_黎佳
Annmooc793,IDStudio_黎佳
梁晓杰,IDStudio_黎佳
梁晓杰,IDStudio_黎佳
梁晓杰,IDStudio_黎佳
张彦伟张彦伟,IDStudio_黎佳
张彦伟张彦伟,IDStudio_黎佳
张彦伟张彦伟,IDStudio_黎佳
王季霞,IDStudio_黎佳
王季霞,IDStudio_黎佳
梁岭岭,IDStudio_黎佳
梁岭岭,IDStudio_黎佳
梁岭岭,IDStudio_黎佳
梁岭岭,IDStudio_黎佳
遥远的相似性,IDStudio_黎佳
遥远的相似性,IDStudio_黎佳
我对于你,IDStudio_黎佳
我对于你,IDStudio_黎佳
浮生k122082020101857751,IDStudio_黎佳
浮生k122082020101857751,IDStudio_黎佳
Hugoykt1499243472119,IDStudio_黎佳
Hugoykt1499243472119,IDStudio_黎佳
林楚如_,IDStudio_黎佳
林楚如_,IDStudio_黎佳
抆,IDStudio_黎佳
抆,IDStudio_黎佳
前桌xlg,IDStudio_黎佳
前桌xlg,IDStudio_黎佳
SCNU19级邵小露,IDStudio_黎佳
SCNU19级邵小露,IDStudio_黎佳
周云帆mooc,IDStudio_黎佳
周云帆mooc,IDStudio_黎佳
初色曾谙,IDStudio_黎佳
初色曾谙,IDStudio_黎佳
新乡九中黄艳花,IDStudio_黎佳
SCNU19级班华婷,IDStudio_黎佳
SCNU19级班华婷,IDStudio_黎佳
EchoID,IDStudio_黎佳
EchoID,IDStudio_黎佳
EchoID,IDStudio_黎佳
安徽-蚌埠-晓晓,IDStudio_黎佳
安徽-蚌埠-晓晓,IDStudio_黎佳
谢旭双mooc,IDStudio_黎佳
谢旭双mooc,IDStudio_黎佳
段姣mooc,IDStudio_黎佳
段姣mooc,IDStudio_黎佳
河高-刘婷婷,IDStudio_黎佳
河高-刘婷婷,IDStudio_黎佳
mooc1027458422444660,IDStudio_黎佳
mooc1027458422444660,IDStudio_黎佳
二三1108mooc,IDStudio_黎佳
二三1108mooc,IDStudio_黎佳
新乡凤泉郭柳小学张素芬,IDStudio_黎佳
新乡凤泉郭柳小学张素芬,IDStudio_黎佳
吉林长春孙小美,IDStudio_黎佳
吉林长春孙小美,IDStudio_黎佳
爱吃火锅的老神仙,IDStudio_黎佳
爱吃火锅的老神仙,IDStudio_黎佳
xwenguang,IDStudio_黎佳
xwenguang,IDStudio_黎佳
ykt1512954962545,IDStudio_黎佳
ykt1512954962545,IDStudio_黎佳
0空间mooc1,IDStudio_黎佳
0空间mooc1,IDStudio_黎佳
梁锦红,IDStudio_黎佳
江苏师大21级教育技术学研究生张诗敏,IDStudio_黎佳
江苏师大21级教育技术学研究生张诗敏,IDStudio_黎佳
张呆呆1007,IDStudio_黎佳
张呆呆1007,IDStudio_黎佳
柠檬心mooc24,IDStudio_黎佳
柠檬心mooc24,IDStudio_黎佳
mooc69882218554758614,IDStudio_黎佳
mooc69882218554758614,IDStudio_黎佳
fuwau-ka,IDStudio_黎佳
fuwau-ka,IDStudio_黎佳
马福梅,IDStudio_黎佳
马福梅,IDStudio_黎佳
mooc69983268037274106,IDStudio_黎佳
mooc69983268037274106,IDStudio_黎佳
尚君陌,IDStudio_黎佳
耄耋之,IDStudio_黎佳
耄耋之,IDStudio_黎佳
求尕,IDStudio_黎佳
求尕,IDStudio_黎佳
萨伊拉毛,IDStudio_黎佳
萨伊拉毛,IDStudio_黎佳
mooc19850208,IDStudio_黎佳
mooc19850208,IDStudio_黎佳
mooc1886057588605195,IDStudio_黎佳
mooc1886057588605195,IDStudio_黎佳
胡瑞娟,IDStudio_黎佳
胡瑞娟,IDStudio_黎佳
皮卡皮卡wu,IDStudio_黎佳
皮卡皮卡wu,IDStudio_黎佳
mooc1535940404835王仁飞,IDStudio_黎佳
马秋芳,IDStudio_黎佳
马秋芳,IDStudio_黎佳
mooc1488461700355,IDStudio_黎佳
mooc1488461700355,IDStudio_黎佳
mooc79680701949283370,IDStudio_黎佳
SCNU19级钟惠文,IDStudio_黎佳
SCNU19级钟惠文,IDStudio_黎佳
17教技杨坤,IDStudio_黎佳
17教技杨坤,IDStudio_黎佳
mooc38708059729605243,IDStudio_黎佳
mooc38708059729605243,IDStudio_黎佳
中德-徐纯,IDStudio_黎佳
中德-徐纯,IDStudio_黎佳
5553你好,IDStudio_黎佳
5553你好,IDStudio_黎佳
是穆清啊,IDStudio_黎佳
是穆清啊,IDStudio_黎佳
李铭1715060108,IDStudio_黎佳
李铭1715060108,IDStudio_黎佳
0294章海宁,IDStudio_黎佳
井中月moerhu,IDStudio_黎佳
井中月moerhu,IDStudio_黎佳
0710李欢,IDStudio_黎佳
0710李欢,IDStudio_黎佳
aqiuyang,IDStudio_黎佳
aqiuyang,IDStudio_黎佳
墨色瑾年一世清欢,IDStudio_黎佳
墨色瑾年一世清欢,IDStudio_黎佳
子灿华,IDStudio_黎佳
子灿华,IDStudio_黎佳
党雪妮,IDStudio_黎佳
党雪妮,IDStudio_黎佳
17教技杨坤,IDStudio_黎佳
17教技杨坤,IDStudio_黎佳
hy2191618375,IDStudio_黎佳
单雨秋,IDStudio_黎佳
单雨秋,IDStudio_黎佳
SCNU19级王玉珍,IDStudio_黎佳
SCNU19级王玉珍,IDStudio_黎佳
qianqiandexiao2427,IDStudio_黎佳
qianqiandexiao2427,IDStudio_黎佳
甘官屯乡中心小学--陈佳,IDStudio_黎佳
甘官屯乡中心小学--陈佳,IDStudio_黎佳
甘官屯乡中心小学--陈佳,IDStudio_黎佳
甘官屯乡中心小学--陈佳,IDStudio_黎佳
scnu19级蔡镇鸿,IDStudio_黎佳
scnu19级蔡镇鸿,IDStudio_黎佳
冠县甘官屯乡中心小学-邢俊秀,IDStudio_黎佳
冠县甘官屯乡中心小学-邢俊秀,IDStudio_黎佳
小噢,IDStudio_黎佳
显示一直在线,IDStudio_黎佳
显示一直在线,IDStudio_黎佳
SCNU19现教朱君辉,IDStudio_黎佳
SCNU19现教朱君辉,IDStudio_黎佳
鲁晓燕额,IDStudio_黎佳
鲁晓燕额,IDStudio_黎佳
Scnu19级赵文强,IDStudio_黎佳
Scnu19级赵文强,IDStudio_黎佳
?????,IDStudio_黎佳
?????,IDStudio_黎佳
SCNU19级陈书芳,IDStudio_黎佳
SCNU19级陈书芳,IDStudio_黎佳
mooc38597834573895626,IDStudio_黎佳
mooc38597834573895626,IDStudio_黎佳
mooc38597834573895626,IDStudio_黎佳
mooc53577002297540464,IDStudio_黎佳
mooc53577002297540464,IDStudio_黎佳
杨秋霜霜,IDStudio_黎佳
杨秋霜霜,IDStudio_黎佳
mooc1559202638647216,IDStudio_黎佳
mooc1559202638647216,IDStudio_黎佳
小里小外,IDStudio_黎佳
小里小外,IDStudio_黎佳
王怡文1,IDStudio_黎佳
王怡文1,IDStudio_黎佳
二傻有你,IDStudio_黎佳
二傻有你,IDStudio_黎佳
何鑫mooc27,IDStudio_黎佳
何鑫mooc27,IDStudio_黎佳
mooc10807663542976178,IDStudio_黎佳
SCNU19级钟扬,IDStudio_黎佳
SCNU19级钟扬,IDStudio_黎佳
訫渓,IDStudio_黎佳
訫渓,IDStudio_黎佳
稽亚娜,IDStudio_黎佳
稽亚娜,IDStudio_黎佳
麦郁,IDStudio_黎佳
麦郁,IDStudio_黎佳
SCNU19级李晓莉,IDStudio_黎佳
SCNU19级李晓莉,IDStudio_黎佳
SCNU19级黄雅俊,IDStudio_黎佳
SCNU19级黄雅俊,IDStudio_黎佳
袁玉枝,IDStudio_黎佳
袁玉枝,IDStudio_黎佳
SCNU19级冯冠朝,IDStudio_黎佳
SCNU19龚文丽,IDStudio_黎佳
SCNU19龚文丽,IDStudio_黎佳
SCNU19级李新伟,IDStudio_黎佳
SCNU19级李新伟,IDStudio_黎佳
SCNU20邹玉兰,IDStudio_黎佳
SCNU20邹玉兰,IDStudio_黎佳
SCNU19级孙蔚妍,IDStudio_黎佳
SCNU19级孙蔚妍,IDStudio_黎佳
mooc河南济源五龙口镇实验小学葛亚娟,IDStudio_黎佳
mooc河南济源五龙口镇实验小学葛亚娟,IDStudio_黎佳
SCNU19王星楠,IDStudio_黎佳
SCNU19王星楠,IDStudio_黎佳
河南省济源市五龙口镇实验小学李迎兵,IDStudio_黎佳
河南省济源市五龙口镇实验小学李迎兵,IDStudio_黎佳
mooc5342817846038017,IDStudio_黎佳
寻见201907,IDStudio_黎佳
寻见201907,IDStudio_黎佳
木子雨林,IDStudio_黎佳
木子雨林,IDStudio_黎佳
陶孟玲,IDStudio_黎佳
陶孟玲,IDStudio_黎佳
a邓红蕊,IDStudio_黎佳
a邓红蕊,IDStudio_黎佳
张雪洁zxj,IDStudio_黎佳
张雪洁zxj,IDStudio_黎佳
Ailsa0814,IDStudio_黎佳
Ailsa0814,IDStudio_黎佳
mooc4820183708564900,IDStudio_黎佳
mooc4820183708564900,IDStudio_黎佳
默默修行,IDStudio_黎佳
遥远的相似性,IDStudio_黎佳
遥远的相似性,IDStudio_黎佳
我对于你,IDStudio_黎佳
我对于你,IDStudio_黎佳
浮生k122082020101857751,IDStudio_黎佳
浮生k122082020101857751,IDStudio_黎佳
SCNU19级朱冬晓,IDStudio_黎佳
SCNU19级朱冬晓,IDStudio_黎佳
ascherrygirl,IDStudio_黎佳
ascherrygirl,IDStudio_黎佳
中职英语Miss文,IDStudio_黎佳
中职英语Miss文,IDStudio_黎佳
mooc1522497135083,IDStudio_黎佳
mooc1522497135083,IDStudio_黎佳
Hugoykt1499243472119,IDStudio_黎佳
周云帆mooc,IDStudio_黎佳
周云帆mooc,IDStudio_黎佳
初色曾谙,IDStudio_黎佳
初色曾谙,IDStudio_黎佳
hhtc思政2班1700010211,IDStudio_黎佳
hhtc思政2班1700010211,IDStudio_黎佳
新乡九中黄艳花,IDStudio_黎佳
新乡九中黄艳花,IDStudio_黎佳
酸枣mooc1,IDStudio_黎佳
酸枣mooc1,IDStudio_黎佳
SCNU19级王笑宸,IDStudio_黎佳
SCNU19级王笑宸,IDStudio_黎佳
咖啡mooc707,IDStudio_黎佳
咖啡mooc707,IDStudio_黎佳
张呆呆1007,IDStudio_黎佳
mooc954379974202219,IDStudio_黎佳
mooc954379974202219,IDStudio_黎佳
谢旭双mooc,IDStudio_黎佳
谢旭双mooc,IDStudio_黎佳
段姣mooc,IDStudio_黎佳
段姣mooc,IDStudio_黎佳
河高-刘婷婷,IDStudio_黎佳
河高-刘婷婷,IDStudio_黎佳
酷MA萌小李,IDStudio_黎佳
酷MA萌小李,IDStudio_黎佳
mooc1027458422444660,IDStudio_黎佳
mooc1027458422444660,IDStudio_黎佳
正在缓冲99mooc211,IDStudio_黎佳
正在缓冲99mooc211,IDStudio_黎佳
小耳朵mooc94,IDStudio_黎佳
爱吃火锅的老神仙,IDStudio_黎佳
爱吃火锅的老神仙,IDStudio_黎佳
ykt1512954962545,IDStudio_黎佳
ykt1512954962545,IDStudio_黎佳
新乡凤泉郭柳小学张素芬,IDStudio_黎佳
新乡凤泉郭柳小学张素芬,IDStudio_黎佳
梁锦红,IDStudio_黎佳
梁锦红,IDStudio_黎佳
郭敏Phoebe,IDStudio_黎佳
郭敏Phoebe,IDStudio_黎佳
mooc54353935528906350,IDStudio_黎佳
mooc54353935528906350,IDStudio_黎佳
mooc859045562545221,IDStudio_黎佳
mooc859045562545221,IDStudio_黎佳
杨春然,IDStudio_黎佳
mooc38424420216128662,IDStudio_黎佳
mooc38424420216128662,IDStudio_黎佳
柠檬心mooc24,IDStudio_黎佳
柠檬心mooc24,IDStudio_黎佳
mooc69882218554758614,IDStudio_黎佳
mooc69882218554758614,IDStudio_黎佳
fuwau-ka,IDStudio_黎佳
fuwau-ka,IDStudio_黎佳
马福梅,IDStudio_黎佳
马福梅,IDStudio_黎佳
mooc839963428854719,IDStudio_黎佳
mooc839963428854719,IDStudio_黎佳
mooc69983268037274106,IDStudio_黎佳
mooc69983268037274106,IDStudio_黎佳
张小样敏丫头,IDStudio_黎佳
mooc838881281937732,IDStudio_黎佳
mooc838881281937732,IDStudio_黎佳
耄耋之,IDStudio_黎佳
耄耋之,IDStudio_黎佳
求尕,IDStudio_黎佳
求尕,IDStudio_黎佳
萨伊拉毛,IDStudio_黎佳
萨伊拉毛,IDStudio_黎佳
0空间mooc1,IDStudio_黎佳
0空间mooc1,IDStudio_黎佳
制芨荷以为衣兮,IDStudio_黎佳
制芨荷以为衣兮,IDStudio_黎佳
mooc19850208,IDStudio_黎佳
mooc19850208,IDStudio_黎佳
mooc62003992301382809,IDStudio_黎佳
zher珍儿,IDStudio_黎佳
zher珍儿,IDStudio_黎佳
ly303999163com,IDStudio_黎佳
ly303999163com,IDStudio_黎佳
溪流过后,IDStudio_黎佳
溪流过后,IDStudio_黎佳
欢微流墨,IDStudio_黎佳
欢微流墨,IDStudio_黎佳
Lifetimeykt1522750686111,IDStudio_黎佳
Lifetimeykt1522750686111,IDStudio_黎佳
马秋芳,IDStudio_黎佳
马秋芳,IDStudio_黎佳
张振艳,IDStudio_黎佳
显示一直在线,邱艺
显示一直在线,邱艺
SCNU19级钟惠文,邱艺
SCNU19级钟惠文,邱艺
张昕天津中德,邱艺
张昕天津中德,邱艺
mooc38708059729605243,邱艺
mooc38708059729605243,邱艺
是穆清啊,邱艺
是穆清啊,邱艺
mooc5947779814358537,邱艺
mooc5947779814358537,邱艺
李铭1715060108,邱艺
李铭1715060108,邱艺
0294章海宁,邱艺
ET吴镇雄,邱艺
ET吴镇雄,邱艺
韩梅新乡市第四中学,邱艺
韩梅新乡市第四中学,邱艺
单雨秋,邱艺
单雨秋,邱艺
SCNU19级姚晓,邱艺
SCNU19级姚晓,邱艺
SCNU19级王玉珍,邱艺
SCNU19级王玉珍,邱艺
冠县甘官屯乡中心小学-邢俊秀,邱艺
冠县甘官屯乡中心小学-邢俊秀,邱艺
qianqiandexiao2427,邱艺
qianqiandexiao2427,邱艺
SCNU19张璐,邱艺
丰城中专魏鹏,邱艺
丰城中专魏鹏,邱艺
ddjj1997,邱艺
ddjj1997,邱艺
河师大实验中学李艳玲,邱艺
河师大实验中学李艳玲,邱艺
杨秀蕊,邱艺
杨秀蕊,邱艺
杨秀蕊,邱艺
SCNU19现教朱君辉,邱艺
SCNU19现教朱君辉,邱艺
SCNU19级陈书芳,邱艺
SCNU19级陈书芳,邱艺
泥泞留迹,邱艺
泥泞留迹,邱艺
小里小外,邱艺
小里小外,邱艺
王怡文1,邱艺
王怡文1,邱艺
mooc10807663542976178,邱艺
mooc10807663542976178,邱艺
念mooc544,邱艺
念mooc544,邱艺
小尘埃1,邱艺
小尘埃1,邱艺
李丽萍L,邱艺
李丽萍L,邱艺
SCNU19级黄嘉华,邱艺
SCNU19级黄嘉华,邱艺
SCNU19级陈晓彤,邱艺
SCNU19级吴雅茵,邱艺
SCNU19级吴雅茵,邱艺
袁玉枝,邱艺
袁玉枝,邱艺
刚刚好mooc260,邱艺
刚刚好mooc260,邱艺
mooc姚真,邱艺
mooc姚真,邱艺
一个巴黎不快乐,邱艺
一个巴黎不快乐,邱艺
SCNU19龚文丽,邱艺
SCNU19龚文丽,邱艺
plastic7,邱艺
plastic7,邱艺
西北小江南,邱艺
樱桃小新新,邱艺
樱桃小新新,邱艺
风的季节mooc59,邱艺
风的季节mooc59,邱艺
Zk128_,邱艺
Zk128_,邱艺
梅香look,邱艺
梅香look,邱艺
梁晓杰,邱艺
梁晓杰,邱艺
梁晓杰,邱艺
梁晓杰,邱艺
寻见201907,邱艺
寻见201907,邱艺
a邓红蕊,邱艺
王季霞,邱艺
王季霞,邱艺
王季霞,邱艺
王季霞,邱艺
张彦伟张彦伟,邱艺
张彦伟张彦伟,邱艺
张彦伟张彦伟,邱艺
张彦伟张彦伟,邱艺
梁岭岭,邱艺
梁岭岭,邱艺
遥远的相似性,邱艺
遥远的相似性,邱艺
我对于你,邱艺
我对于你,邱艺
杜习勇,邱艺
山顶眺望的旅者,邱艺
山顶眺望的旅者,邱艺
倩妮mooc,邱艺
倩妮mooc,邱艺
重来mooc93,邱艺
重来mooc93,邱艺
方丽莉,邱艺
方丽莉,邱艺
鸟大翼ykt57854109504509648,邱艺
鸟大翼ykt57854109504509648,邱艺
15-陈全,邱艺
15-陈全,邱艺
新乡九中黄艳花,邱艺
新乡九中黄艳花,邱艺
张宝红1,邱艺
谢旭双mooc,邱艺
谢旭双mooc,邱艺
沐曦之星,邱艺
沐曦之星,邱艺
段姣mooc,邱艺
段姣mooc,邱艺
mooc1522497135083,邱艺
mooc1522497135083,邱艺
二三1108mooc,邱艺
二三1108mooc,邱艺
新一街中学-李琰,邱艺
新一街中学-李琰,邱艺
mooc1507951147848,邱艺
mooc1507951147848,邱艺
xwenguang,邱艺
张呆呆1007,邱艺
张呆呆1007,邱艺
dolphincat333,邱艺
dolphincat333,邱艺
SCNU19级韩璐,邱艺
SCNU19级韩璐,邱艺
mooc1027886377205428,邱艺
mooc1027886377205428,邱艺
fuwau-ka,邱艺
fuwau-ka,邱艺
胡瑞娟,邱艺
胡瑞娟,邱艺
吉林长春孙小美,邱艺
吉林长春孙小美,邱艺
云裳ykt1445220217920,邱艺
137666666666,邱艺
137666666666,邱艺
王季霞,邱艺
王季霞,邱艺
壮改措,邱艺
壮改措,邱艺
Sampson0614,邱艺
Sampson0614,邱艺
pmdj,邱艺
pmdj,邱艺
2204大白,邱艺
2204大白,邱艺
2204大白,邱艺
小耳朵mooc94,邱艺
小耳朵mooc94,邱艺
任明星,邱艺
任明星,邱艺
周云帆mooc,邱艺
周云帆mooc,邱艺
张彦伟张彦伟,邱艺
张彦伟张彦伟,邱艺
张振艳,邱艺
张振艳,邱艺
SCNU19级陈晓彤,邱艺
SCNU19级陈晓彤,邱艺
mooc1488461700355,邱艺
mooc1488461700355,邱艺
前桌xlg,邱艺
前桌xlg,邱艺
三年后在战,邱艺
寻见201907,邱艺
寻见201907,邱艺
魔海霞,邱艺
魔海霞,邱艺
小庞儿,邱艺
小庞儿,邱艺
李晓艳l,邱艺
李晓艳l,邱艺
mooc69882218554758614,邱艺
mooc69882218554758614,邱艺
mooc838881281937732,邱艺
mooc838881281937732,邱艺
mooc1622740929214203,邱艺
mooc1622740929214203,邱艺
mooc1535940404835王仁飞,邱艺
耄耋之,邱艺
耄耋之,邱艺
mooc38597834573895626,邱艺
mooc38597834573895626,邱艺
mooc89215049641089700,邱艺
mooc89215049641089700,邱艺
EchoID,邱艺
EchoID,邱艺
楂卓尔mooc5,邱艺
楂卓尔mooc5,邱艺
皮卡皮卡wu,邱艺
皮卡皮卡wu,邱艺
mooc79680420563795712,邱艺
mooc79680420563795712,邱艺
mooc839963428854719,邱艺
李娜2,邱艺
李娜2,邱艺
尚君陌,邱艺
尚君陌,邱艺
张宝红1,邱艺
张宝红1,邱艺
mooc1748510264703023,邱艺
mooc1748510264703023,邱艺
mooc62003992301382809,邱艺
mooc62003992301382809,邱艺
杨春然,邱艺
杨春然,邱艺
艳6688,邱艺
显示一直在线,IDStudio_黎佳
显示一直在线,IDStudio_黎佳
SCNU19级钟惠文,IDStudio_黎佳
SCNU19级钟惠文,IDStudio_黎佳
17教技杨坤,IDStudio_黎佳
17教技杨坤,IDStudio_黎佳
gyj-mooc5525395569333111,IDStudio_黎佳
gyj-mooc5525395569333111,IDStudio_黎佳
SCNU19级刘颖琳,IDStudio_黎佳
SCNU19级刘颖琳,IDStudio_黎佳
mooc38708059729605243,IDStudio_黎佳
mooc38708059729605243,IDStudio_黎佳
中德-徐纯,IDStudio_黎佳
中德-徐纯,IDStudio_黎佳
scnu19级蔡镇鸿,IDStudio_黎佳
钟嵘zr,IDStudio_黎佳
钟嵘zr,IDStudio_黎佳
枋木,IDStudio_黎佳
枋木,IDStudio_黎佳
赵桂莲,IDStudio_黎佳
赵桂莲,IDStudio_黎佳
冠县甘官屯乡中心小学--付洪芳,IDStudio_黎佳
冠县甘官屯乡中心小学--付洪芳,IDStudio_黎佳
0710李欢,IDStudio_黎佳
0710李欢,IDStudio_黎佳
aqiuyang,IDStudio_黎佳
aqiuyang,IDStudio_黎佳
党雪妮,IDStudio_黎佳
党雪妮,IDStudio_黎佳
墨色瑾年一世清欢,IDStudio_黎佳
赵桂莲,IDStudio_黎佳
赵桂莲,IDStudio_黎佳
qianqiandexiao2427,IDStudio_黎佳
qianqiandexiao2427,IDStudio_黎佳
赵桂莲,IDStudio_黎佳
赵桂莲,IDStudio_黎佳
冠县甘官屯乡中心小学-邢俊秀,IDStudio_黎佳
冠县甘官屯乡中心小学-邢俊秀,IDStudio_黎佳
SCNU19张璐,IDStudio_黎佳
SCNU19张璐,IDStudio_黎佳
SCNU19级黄嘉歆,IDStudio_黎佳
SCNU19级黄嘉歆,IDStudio_黎佳
mooc39142199322655211,IDStudio_黎佳
mooc39142199322655211,IDStudio_黎佳
胡瑞娟,IDStudio_黎佳
泥泞留迹,IDStudio_黎佳
泥泞留迹,IDStudio_黎佳
SCNU19级姚晓,IDStudio_黎佳
SCNU19级姚晓,IDStudio_黎佳
墨色瑾年一世清欢,IDStudio_黎佳
墨色瑾年一世清欢,IDStudio_黎佳
SCNU19级杨曦,IDStudio_黎佳
SCNU19级杨曦,IDStudio_黎佳
SCNU19级杨曦,IDStudio_黎佳
唐远萍,IDStudio_黎佳
唐远萍,IDStudio_黎佳
ET吴镇雄,IDStudio_黎佳
ET吴镇雄,IDStudio_黎佳
胡玥2019,IDStudio_黎佳
胡玥2019,IDStudio_黎佳
何鑫mooc27,IDStudio_黎佳
何鑫mooc27,IDStudio_黎佳
mooc1559202638647216,IDStudio_黎佳
mooc1559202638647216,IDStudio_黎佳
余柱梅,IDStudio_黎佳
余柱梅,IDStudio_黎佳
念mooc544,IDStudio_黎佳
念mooc544,IDStudio_黎佳
李丽萍L,IDStudio_黎佳
李丽萍L,IDStudio_黎佳
小尘埃1,IDStudio_黎佳
小尘埃1,IDStudio_黎佳
SCNU19级黄嘉华,IDStudio_黎佳
SCNU19级黄嘉华,IDStudio_黎佳
SCNU19级陈晓彤,IDStudio_黎佳
SCNU19级吴雅茵,IDStudio_黎佳
SCNU19级吴雅茵,IDStudio_黎佳
刚刚好mooc260,IDStudio_黎佳
刚刚好mooc260,IDStudio_黎佳
mooc姚真,IDStudio_黎佳
mooc姚真,IDStudio_黎佳
袁玉枝,IDStudio_黎佳
袁玉枝,IDStudio_黎佳
一个巴黎不快乐,IDStudio_黎佳
一个巴黎不快乐,IDStudio_黎佳
SCNU19龚文丽,IDStudio_黎佳
SCNU19龚文丽,IDStudio_黎佳
plastic7,IDStudio_黎佳
plastic7,IDStudio_黎佳
西北小江南,IDStudio_黎佳
SCNU19王星楠,IDStudio_黎佳
SCNU19王星楠,IDStudio_黎佳
YQmooc110,IDStudio_黎佳
YQmooc110,IDStudio_黎佳
济水南街常杰,IDStudio_黎佳
济水南街常杰,IDStudio_黎佳
SCNU19级李晓莉,IDStudio_黎佳
SCNU19级李晓莉,IDStudio_黎佳
mooc5342817846038017,IDStudio_黎佳
mooc5342817846038017,IDStudio_黎佳
唐一棠,IDStudio_黎佳
唐一棠,IDStudio_黎佳
啦啦啦卖报,IDStudio_黎佳
啦啦啦卖报,IDStudio_黎佳
xiximooc233,IDStudio_黎佳
a邓红蕊,IDStudio_黎佳
a邓红蕊,IDStudio_黎佳
梦梦0025,IDStudio_黎佳
梦梦0025,IDStudio_黎佳
蹲在角落畵圈圈,IDStudio_黎佳
蹲在角落畵圈圈,IDStudio_黎佳
桃李不言078,IDStudio_黎佳
桃李不言078,IDStudio_黎佳
张雪洁zxj,IDStudio_黎佳
张雪洁zxj,IDStudio_黎佳
Ailsa0814,IDStudio_黎佳
Ailsa0814,IDStudio_黎佳
前进道路上的小强,IDStudio_黎佳
前进道路上的小强,IDStudio_黎佳
mooc4820183708564900,IDStudio_黎佳
梁岭岭,IDStudio_黎佳
梁岭岭,IDStudio_黎佳
梁岭岭,IDStudio_黎佳
遥远的相似性,IDStudio_黎佳
遥远的相似性,IDStudio_黎佳
我对于你,IDStudio_黎佳
我对于你,IDStudio_黎佳
浮生k122082020101857751,IDStudio_黎佳
浮生k122082020101857751,IDStudio_黎佳
ascherrygirl,IDStudio_黎佳
ascherrygirl,IDStudio_黎佳
女孩简单,IDStudio_黎佳
女孩简单,IDStudio_黎佳
mooc44458832080035939,IDStudio_黎佳
mooc44458832080035939,IDStudio_黎佳
倩妮mooc,IDStudio_黎佳
倩妮mooc,IDStudio_黎佳
鸟大翼ykt57854109504509648,IDStudio_黎佳
鸟大翼ykt57854109504509648,IDStudio_黎佳
15-陈全,IDStudio_黎佳
15-陈全,IDStudio_黎佳
新乡九中黄艳花,IDStudio_黎佳
新乡九中黄艳花,IDStudio_黎佳
胡英华h,IDStudio_黎佳
胡英华h,IDStudio_黎佳
SCNU19级王笑宸,IDStudio_黎佳
SCNU19级王笑宸,IDStudio_黎佳
FERC郑贺贺,IDStudio_黎佳
FERC郑贺贺,IDStudio_黎佳
天若妒我天亦可灭,IDStudio_黎佳
赵桂莲,IDStudio_黎佳
赵桂莲,IDStudio_黎佳
徐延红,IDStudio_黎佳
徐延红,IDStudio_黎佳
段姣mooc,IDStudio_黎佳
段姣mooc,IDStudio_黎佳
沐曦之星,IDStudio_黎佳
沐曦之星,IDStudio_黎佳
mooc1522497135083,IDStudio_黎佳
mooc1522497135083,IDStudio_黎佳
二三1108mooc,IDStudio_黎佳
二三1108mooc,IDStudio_黎佳
mooc1507951147848,IDStudio_黎佳
mooc1507951147848,IDStudio_黎佳
xwenguang,IDStudio_黎佳
ykt1512954962545,IDStudio_黎佳
ykt1512954962545,IDStudio_黎佳
mooc1222132039547022,IDStudio_黎佳
mooc1222132039547022,IDStudio_黎佳
张呆呆1007,IDStudio_黎佳
张呆呆1007,IDStudio_黎佳
SCNU19级韩璐,IDStudio_黎佳
SCNU19级韩璐,IDStudio_黎佳
新一街中学-李琰,IDStudio_黎佳
新一街中学-李琰,IDStudio_黎佳
mooc1027886377205428,IDStudio_黎佳
mooc1027886377205428,IDStudio_黎佳
野猫行天下,IDStudio_黎佳
野猫行天下,IDStudio_黎佳
SCNU19级班华婷,IDStudio_黎佳
云裳ykt1445220217920,IDStudio_黎佳
云裳ykt1445220217920,IDStudio_黎佳
郭敏Phoebe,IDStudio_黎佳
郭敏Phoebe,IDStudio_黎佳
?????,IDStudio_黎佳
?????,IDStudio_黎佳
正在缓冲99mooc211,IDStudio_黎佳
正在缓冲99mooc211,IDStudio_黎佳
dolphincat333,IDStudio_黎佳
dolphincat333,IDStudio_黎佳
陶孟玲,IDStudio_黎佳
陶孟玲,IDStudio_黎佳
医学院弦乐,IDStudio_黎佳
医学院弦乐,IDStudio_黎佳
mooc1027458422444660,IDStudio_黎佳
2204大白,IDStudio_黎佳
2204大白,IDStudio_黎佳
小耳朵mooc94,IDStudio_黎佳
小耳朵mooc94,IDStudio_黎佳
安百胜,IDStudio_黎佳
安百胜,IDStudio_黎佳
Dreammooc838,IDStudio_黎佳
Dreammooc838,IDStudio_黎佳
ly303999163com,IDStudio_黎佳
ly303999163com,IDStudio_黎佳
银周措,IDStudio_黎佳
银周措,IDStudio_黎佳
Miamooc491,IDStudio_黎佳
Miamooc491,IDStudio_黎佳
制芨荷以为衣兮,IDStudio_黎佳
前桌xlg,IDStudio_黎佳
前桌xlg,IDStudio_黎佳
小噢,IDStudio_黎佳
小噢,IDStudio_黎佳
林夕mooc307,IDStudio_黎佳
林夕mooc307,IDStudio_黎佳
林夕mooc307,IDStudio_黎佳
SCNU19级展鲲,IDStudio_黎佳
SCNU19级展鲲,IDStudio_黎佳
初色曾谙,IDStudio_黎佳
初色曾谙,IDStudio_黎佳
烟工职院隋志远,IDStudio_黎佳
烟工职院隋志远,IDStudio_黎佳
溪流过后,IDStudio_黎佳
溪流过后,IDStudio_黎佳
mooc69882218554758614,IDStudio_黎佳
mooc69882218554758614,IDStudio_黎佳
三年后在战,IDStudio_黎佳
三年后在战,IDStudio_黎佳
mooc838881281937732,IDStudio_黎佳
mooc838881281937732,IDStudio_黎佳
mooc1622740929214203,IDStudio_黎佳
mooc1622740929214203,IDStudio_黎佳
mooc1535940404835王仁飞,IDStudio_黎佳
mooc1535940404835王仁飞,IDStudio_黎佳
马福梅,IDStudio_黎佳
马福梅,IDStudio_黎佳
mooc79680701949283370,IDStudio_黎佳
mooc79680701949283370,IDStudio_黎佳
欢微流墨,IDStudio_黎佳
mooc89215049641089700,IDStudio_黎佳
mooc89215049641089700,IDStudio_黎佳
mooc79680420563795712,IDStudio_黎佳
mooc79680420563795712,IDStudio_黎佳
皮卡皮卡wu,IDStudio_黎佳
皮卡皮卡wu,IDStudio_黎佳
mooc79680420563795712,IDStudio_黎佳
mooc839963428854719,IDStudio_黎佳
mooc839963428854719,IDStudio_黎佳
柠檬心mooc24,IDStudio_黎佳
柠檬心mooc24,IDStudio_黎佳
mooc1886057588605195,IDStudio_黎佳
mooc1886057588605195,IDStudio_黎佳
念mooc544,IDStudio_黎佳
念mooc544,IDStudio_黎佳
蝎子2017,IDStudio_黎佳
蝎子2017,IDStudio_黎佳
mooc1886057588605195,IDStudio_黎佳
mooc1886057588605195,IDStudio_黎佳
尚君陌,IDStudio_黎佳
尚君陌,IDStudio_黎佳
张宝红1,IDStudio_黎佳
张宝红1,IDStudio_黎佳
杨春然,IDStudio_黎佳
杨春然,IDStudio_黎佳
杨春然,IDStudio_黎佳
mooc62003992301382809,IDStudio_黎佳
mooc62003992301382809,IDStudio_黎佳
mooc1748510264703023,IDStudio_黎佳
mooc1748510264703023,IDStudio_黎佳
mooc42084305602163936,IDStudio_黎佳
mooc42084305602163936,IDStudio_黎佳
Lifetimeykt1522750686111,IDStudio_黎佳
Lifetimeykt1522750686111,IDStudio_黎佳
显示一直在线,谢幼如
显示一直在线,谢幼如
mooc1536718916568,谢幼如
mooc1536718916568,谢幼如
SCNU19级钟惠文,谢幼如
SCNU19级钟惠文,谢幼如
17教技杨坤,谢幼如
17教技杨坤,谢幼如
mooc2659135371302831,谢幼如
mooc2659135371302831,谢幼如
gyj-mooc5525395569333111,谢幼如
gyj-mooc5525395569333111,谢幼如
mooc38708059729605243,谢幼如
mooc38708059729605243,谢幼如
mooc38708059729605243,谢幼如
SCNU19级郝晓敏,谢幼如
SCNU19级郝晓敏,谢幼如
钟嵘zr,谢幼如
钟嵘zr,谢幼如
枋木,谢幼如
枋木,谢幼如
0842吕冬慧,谢幼如
0842吕冬慧,谢幼如
冠县甘官屯乡中心小学--付洪芳,谢幼如
冠县甘官屯乡中心小学--付洪芳,谢幼如
0710李欢,谢幼如
0710李欢,谢幼如
aqiuyang,谢幼如
aqiuyang,谢幼如
党雪妮,谢幼如
qianqiandexiao2427,谢幼如
qianqiandexiao2427,谢幼如
赵桂莲,谢幼如
赵桂莲,谢幼如
小噢,谢幼如
小噢,谢幼如
冠县甘官屯乡中心小学-邢俊秀,谢幼如
冠县甘官屯乡中心小学-邢俊秀,谢幼如
SCNU19张璐,谢幼如
SCNU19张璐,谢幼如
SCNU19级刘颖琳,谢幼如
SCNU19级刘颖琳,谢幼如
方丽莉,谢幼如
方丽莉,谢幼如
mooc39142199322655211,谢幼如
SCNU2019级庄财滨,谢幼如
SCNU2019级庄财滨,谢幼如
SCNU19现教朱君辉,谢幼如
SCNU19现教朱君辉,谢幼如
MOOC-wff,谢幼如
MOOC-wff,谢幼如
Scnu19级赵文强,谢幼如
Scnu19级赵文强,谢幼如
泥泞留迹,谢幼如
泥泞留迹,谢幼如
SCNU19级姚晓,谢幼如
SCNU19级姚晓,谢幼如
墨色瑾年一世清欢,谢幼如
墨色瑾年一世清欢,谢幼如
胡玥2019,谢幼如
余柱梅,谢幼如
余柱梅,谢幼如
李丽萍L,谢幼如
李丽萍L,谢幼如
小尘埃1,谢幼如
小尘埃1,谢幼如
SCNU19级黄嘉华,谢幼如
SCNU19级黄嘉华,谢幼如
qianqiandexiao2427,谢幼如
qianqiandexiao2427,谢幼如
经常过来学习,谢幼如
经常过来学习,谢幼如
SCNU19级郭玉霞,谢幼如
SCNU19级郭玉霞,谢幼如
SCNU19级黎周迪,谢幼如
一个巴黎不快乐,谢幼如
一个巴黎不快乐,谢幼如
SCNU19龚文丽,谢幼如
SCNU19龚文丽,谢幼如
plastic7,谢幼如
plastic7,谢幼如
SCNU19级李新伟,谢幼如
SCNU19级李新伟,谢幼如
SCNU19级孙蔚妍,谢幼如
SCNU19级孙蔚妍,谢幼如
mooc河南济源五龙口镇实验小学葛亚娟,谢幼如
mooc河南济源五龙口镇实验小学葛亚娟,谢幼如
河南省济源市五龙口镇实验小学李迎兵,谢幼如
河南省济源市五龙口镇实验小学李迎兵,谢幼如
SCNU19王星楠,谢幼如
鲁晓燕额,谢幼如
鲁晓燕额,谢幼如
Annmooc793,谢幼如
Annmooc793,谢幼如
唐远萍,谢幼如
唐远萍,谢幼如
梁晓杰,谢幼如
梁晓杰,谢幼如
梁晓杰,谢幼如
梁晓杰,谢幼如
xiximooc233,谢幼如
xiximooc233,谢幼如
梅香look,谢幼如
梅香look,谢幼如
a邓红蕊,谢幼如
琉璃那么伤,谢幼如
琉璃那么伤,谢幼如
王季霞,谢幼如
王季霞,谢幼如
王季霞,谢幼如
张彦伟张彦伟,谢幼如
张彦伟张彦伟,谢幼如
张彦伟张彦伟,谢幼如
张彦伟张彦伟,谢幼如
张彦伟张彦伟,谢幼如
王季霞,谢幼如
王季霞,谢幼如
王季霞,谢幼如
张振艳,谢幼如
张振艳,谢幼如
我对于你,谢幼如
我对于你,谢幼如
杜习勇,谢幼如
杜习勇,谢幼如
mooc4025314107022714,谢幼如
mooc4025314107022714,谢幼如
大竹火,谢幼如
大竹火,谢幼如
浮生k122082020101857751,谢幼如
浮生k122082020101857751,谢幼如
hnuwrt,谢幼如
hnuwrt,谢幼如
ascherrygirl,谢幼如
ascherrygirl,谢幼如
中职英语Miss文,谢幼如
鸟大翼ykt57854109504509648,谢幼如
鸟大翼ykt57854109504509648,谢幼如
15-陈全,谢幼如
15-陈全,谢幼如
刚刚好mooc260,谢幼如
刚刚好mooc260,谢幼如
新乡九中黄艳花,谢幼如
新乡九中黄艳花,谢幼如
胡英华h,谢幼如
胡英华h,谢幼如
womooc135,谢幼如
womooc135,谢幼如
SCNU19级王笑宸,谢幼如
SCNU19级王笑宸,谢幼如
天若妒我天亦可灭,谢幼如
王怡文1,谢幼如
王怡文1,谢幼如
高国欣,谢幼如
高国欣,谢幼如
谢旭双mooc,谢幼如
谢旭双mooc,谢幼如
段姣mooc,谢幼如
段姣mooc,谢幼如
SCNU19级陈书芳,谢幼如
SCNU19级陈书芳,谢幼如
mooc1559202638647216,谢幼如
mooc1559202638647216,谢幼如
沐曦之星,谢幼如
沐曦之星,谢幼如
mooc1507951147848,谢幼如
mooc54353935528906350,谢幼如
mooc54353935528906350,谢幼如
mooc54353935528906350,谢幼如
mooc54353935528906350,谢幼如
mooc54353935528906350,谢幼如
mooc54353935528906350,谢幼如
刘__刀,谢幼如
刘__刀,谢幼如
林楚如_,谢幼如
林楚如_,谢幼如
ykt1512954962545,谢幼如
ykt1512954962545,谢幼如
SCNU19级韩璐,谢幼如
SCNU19级韩璐,谢幼如
张呆呆1007,谢幼如
fuwau-ka,谢幼如
fuwau-ka,谢幼如
吉林长春孙小美,谢幼如
吉林长春孙小美,谢幼如
enya9711,谢幼如
enya9711,谢幼如
Kainy-,谢幼如
Kainy-,谢幼如
mooc19850208,谢幼如
mooc19850208,谢幼如
郭敏Phoebe,谢幼如
郭敏Phoebe,谢幼如
?????,谢幼如
?????,谢幼如
正在缓冲99mooc211,谢幼如
mooc38443886441407675,谢幼如
mooc38443886441407675,谢幼如
mooc38443886441407675,谢幼如
2204大白,谢幼如
2204大白,谢幼如
pmdj,谢幼如
pmdj,谢幼如
mooc47140062207774965,谢幼如
mooc47140062207774965,谢幼如
mooc859045562545221,谢幼如
mooc859045562545221,谢幼如
河高-刘婷婷,谢幼如
河高-刘婷婷,谢幼如
ly303999163com,谢幼如
ly303999163com,谢幼如
张彦伟张彦伟,谢幼如
张彦伟张彦伟,谢幼如
张振艳,谢幼如
张振艳,谢幼如
mooc1488461700355,谢幼如
mooc1488461700355,谢幼如
前桌xlg,谢幼如
前桌xlg,谢幼如
小噢,谢幼如
小噢,谢幼如
mooc38443886441407675,谢幼如
mooc38443886441407675,谢幼如
林夕mooc307,谢幼如
林夕mooc307,谢幼如
SCNU19级展鲲,谢幼如
王旭芳1,谢幼如
王旭芳1,谢幼如
小庞儿,谢幼如
小庞儿,谢幼如
广西师范大学2017级教育技术学唐艳灵,谢幼如
广西师范大学2017级教育技术学唐艳灵,谢幼如
李晓艳l,谢幼如
李晓艳l,谢幼如
寻见201907,谢幼如
寻见201907,谢幼如
小庞儿,谢幼如
mooc69882218554758614,谢幼如
mooc69882218554758614,谢幼如
山顶眺望的旅者,谢幼如
山顶眺望的旅者,谢幼如
欢微流墨,谢幼如
欢微流墨,谢幼如
河北旅游职业学院李桂环,谢幼如
河北旅游职业学院李桂环,谢幼如
教技师范171吉思琪,谢幼如
教技师范171吉思琪,谢幼如
求尕,谢幼如
求尕,谢幼如
求尕,谢幼如
mooc1222132039547022,谢幼如
mooc1222132039547022,谢幼如
耄耋之,谢幼如
耄耋之,谢幼如
mooc89215049641089700,谢幼如
mooc89215049641089700,谢幼如
酸枣mooc1,谢幼如
酸枣mooc1,谢幼如
sunm123,谢幼如
sunm123,谢幼如
Feroxmooc,谢幼如
Feroxmooc,谢幼如
包剑舒,谢幼如
包剑舒,谢幼如
石静1,谢幼如
石静1,谢幼如
李娜2,谢幼如
李娜2,谢幼如
mooc1886057588605195,谢幼如
mooc1886057588605195,谢幼如
毛毛酱牛肉,谢幼如
Dreammooc838,谢幼如
Dreammooc838,谢幼如
爱吃火锅的老神仙,谢幼如
爱吃火锅的老神仙,谢幼如
马秋芳,谢幼如
马秋芳,谢幼如
萨伊拉毛,谢幼如
萨伊拉毛,谢幼如
新乡凤泉郭柳小学张素芬,谢幼如
新乡凤泉郭柳小学张素芬,谢幼如
杨春然,谢幼如
杨春然,谢幼如
涓涓06,谢幼如
SCNU19级钟惠文,邱艺
SCNU19级钟惠文,邱艺
17教技杨坤,邱艺
17教技杨坤,邱艺
张昕天津中德,邱艺
张昕天津中德,邱艺
mooc38708059729605243,邱艺
mooc38708059729605243,邱艺
中德-徐纯,邱艺
中德-徐纯,邱艺
0294章海宁,邱艺
0294章海宁,邱艺
美少女lily,邱艺
美少女lily,邱艺
钟嵘zr,邱艺
mooc53577002297540464,邱艺
mooc53577002297540464,邱艺
何鑫mooc27,邱艺
何鑫mooc27,邱艺
蹲在角落畵圈圈,邱艺
蹲在角落畵圈圈,邱艺
SCNU19王星楠,邱艺
SCNU19王星楠,邱艺
单雨秋,邱艺
单雨秋,邱艺
左茂红,邱艺
左茂红,邱艺
韩梅新乡市第四中学,邱艺
韩梅新乡市第四中学,邱艺
冠县甘官屯乡中心小学--许继革,邱艺
方丽莉,邱艺
方丽莉,邱艺
方丽莉,邱艺
丰城中专魏鹏,邱艺
丰城中专魏鹏,邱艺
河师大实验中学李艳玲,邱艺
河师大实验中学李艳玲,邱艺
杨秀蕊,邱艺
杨秀蕊,邱艺
杨秀蕊,邱艺
杨秀蕊,邱艺
杨秀蕊,邱艺
杨秀蕊,邱艺
杨秀蕊,邱艺
杨秀蕊,邱艺
鲁晓燕额,邱艺
鲁晓燕额,邱艺
FERC黄何-华南师大,邱艺
FERC黄何-华南师大,邱艺
Scnu19级赵文强,邱艺
Scnu19级赵文强,邱艺
曹轶杰,邱艺
曹轶杰,邱艺
mooc8741221345663930,邱艺
mooc8741221345663930,邱艺
SCNU19级黄嘉歆,邱艺
SCNU19级黄嘉歆,邱艺
墨色瑾年一世清欢,邱艺
墨色瑾年一世清欢,邱艺
SCNU19级杨曦,邱艺
念mooc544,邱艺
念mooc544,邱艺
SCNU19级黄嘉华,邱艺
SCNU19级黄嘉华,邱艺
华丽转身22,邱艺
华丽转身22,邱艺
SCNU19级陈晓彤,邱艺
SCNU19级陈晓彤,邱艺
山水宝,邱艺
山水宝,邱艺
SCNU19级郭玉霞,邱艺
SCNU19级郭玉霞,邱艺
SCNU19级钟扬,邱艺
SCNU19级钟扬,邱艺
SCNU19级黎周迪,邱艺
文月牛牛,邱艺
文月牛牛,邱艺
SCNU19级吴雅茵,邱艺
SCNU19级吴雅茵,邱艺
SCNU19级孙蔚妍,邱艺
SCNU19级孙蔚妍,邱艺
mooc5342817846038017,邱艺
mooc5342817846038017,邱艺
SCNU19王星楠,邱艺
SCNU19王星楠,邱艺
SCNU19级李晓莉,邱艺
SCNU19级李晓莉,邱艺
SCNU19现教朱君辉,邱艺
SCNU19现教朱君辉,邱艺
陶孟玲,邱艺
梁晓杰,邱艺
梁晓杰,邱艺
梁晓杰,邱艺
梁晓杰,邱艺
梁晓杰,邱艺
梁晓杰,邱艺
张雪洁zxj,邱艺
张雪洁zxj,邱艺
huqiaohui,邱艺
huqiaohui,邱艺
蹲在角落畵圈圈,邱艺
蹲在角落畵圈圈,邱艺
SCNU19级李新伟,邱艺
SCNU19级李新伟,邱艺
桃李不言078,邱艺
杜习勇,邱艺
杜习勇,邱艺
?????,邱艺
?????,邱艺
ascherrygirl,邱艺
ascherrygirl,邱艺
中职英语Miss文,邱艺
中职英语Miss文,邱艺
刘瑞启,邱艺
刘瑞启,邱艺
重来mooc93,邱艺
重来mooc93,邱艺
SCNU19级朱冬晓,邱艺
SCNU19级朱冬晓,邱艺
鸟大翼ykt57854109504509648,邱艺
六元M,邱艺
六元M,邱艺
七道泉子小学梁菲菲,邱艺
七道泉子小学梁菲菲,邱艺
七道泉子小学梁菲菲,邱艺
七道泉子小学梁菲菲,邱艺
乐忧E,邱艺
乐忧E,邱艺
抆,邱艺
抆,邱艺
董宇虹,邱艺
董宇虹,邱艺
ykt1484118009745,邱艺
ykt1484118009745,邱艺
二傻有你,邱艺
梁锦红,邱艺
梁锦红,邱艺
梁锦红,邱艺
mooc54353935528906350,邱艺
mooc54353935528906350,邱艺
凤梨,邱艺
凤梨,邱艺
鸥子杉,邱艺
鸥子杉,邱艺
杨春媛ycy,邱艺
杨春媛ycy,邱艺
新乡九中黄艳花,邱艺
新乡九中黄艳花,邱艺
mooc1397502758541633,邱艺
mooc1397502758541633,邱艺
泥泞留迹,邱艺
泥泞留迹,邱艺
麦郁,邱艺
麦郁,邱艺
云裳ykt1445220217920,邱艺
云裳ykt1445220217920,邱艺
张彦伟张彦伟,邱艺
张彦伟张彦伟,邱艺
江苏师范大学2020教育技术学研究生卫婷,邱艺
江苏师范大学2020教育技术学研究生卫婷,邱艺
刚刚好mooc260,邱艺
刚刚好mooc260,邱艺
mooc1502069082403,邱艺
mooc1502069082403,邱艺
鸵鸟的鸵,邱艺
mooc1488461700355,邱艺
mooc1488461700355,邱艺
初色曾谙,邱艺
初色曾谙,邱艺
二三1108mooc,邱艺
二三1108mooc,邱艺
小耳朵mooc94,邱艺
小耳朵mooc94,邱艺
mooc1622740929214203,邱艺
mooc1622740929214203,邱艺
约定mooc37,邱艺
约定mooc37,邱艺
王旭芳1,邱艺
王旭芳1,邱艺
SCNU19级王笑宸,邱艺
柠檬心mooc24,邱艺
柠檬心mooc24,邱艺
风乎舞雩ray,邱艺
风乎舞雩ray,邱艺
酸枣mooc1,邱艺
酸枣mooc1,邱艺
EchoID,邱艺
EchoID,邱艺
sunm123,邱艺
sunm123,邱艺
包剑舒,邱艺
包剑舒,邱艺
mooc178_xox,邱艺
mooc178_xox,邱艺
mooc1535898203030,邱艺
mooc1886057588605195,邱艺
mooc1886057588605195,邱艺
ykt1491625411425,邱艺
ykt1491625411425,邱艺
Feroxmooc,邱艺
Feroxmooc,邱艺
SCNU19级刘颖琳,邱艺
SCNU19级刘颖琳,邱艺
唐远萍,邱艺
唐远萍,邱艺
爱吃火锅的老神仙,邱艺
爱吃火锅的老神仙,邱艺
倩妮mooc,邱艺
倩妮mooc,邱艺
广职院谭雄辉,邱艺
Gracemooc763,邱艺
Gracemooc763,邱艺
houchenyang,邱艺
houchenyang,邱艺
lmd0719163com,邱艺
lmd0719163com,邱艺
沐曦之星,邱艺
沐曦之星,邱艺
番茄cudo,邱艺
番茄cudo,邱艺
章丽mooc6,邱艺
章丽mooc6,邱艺
mooc46388741764143025,邱艺
mooc46388741764143025,邱艺
王小慧-Sherry,邱艺
寻见201907,邱艺
寻见201907,邱艺
mooc70152957706521893,邱艺
mooc70152957706521893,邱艺
女孩简单,邱艺
女孩简单,邱艺
mooc55365746601774218,邱艺
mooc55365746601774218,邱艺
凌默mooc4,邱艺
凌默mooc4,邱艺
向日葵芦茂原,邱艺
向日葵芦茂原,邱艺
山顶眺望的旅者,邱艺
山顶眺望的旅者,邱艺
河师数媒17-黄志敏-013,邱艺
维木子mooc,邱艺
维木子mooc,邱艺
a邓红蕊,邱艺
a邓红蕊,邱艺
小弧段,邱艺
小弧段,邱艺
三年后在战,邱艺
三年后在战,邱艺
Miamooc491,邱艺
Miamooc491,邱艺
生卓1701谢庆余,邱艺
生卓1701谢庆余,邱艺
徐延红,邱艺
徐延红,邱艺
mooc69983268037274106,邱艺
我对于你,邱艺
我对于你,邱艺
皮卡皮卡wu,邱艺
皮卡皮卡wu,邱艺
mooc1222132039547022,邱艺
mooc1222132039547022,邱艺
葱葱白白,邱艺
葱葱白白,邱艺
咖啡mooc707,邱艺
咖啡mooc707,邱艺
HBU01P20170704008,邱艺
HBU01P20170704008,邱艺
友人Aykt1512954880095,邱艺
友人Aykt1512954880095,邱艺
mooc1535940404835王仁飞,邱艺
马秋芳,邱艺
马秋芳,邱艺
黄旻婧,邱艺
黄旻婧,邱艺
魔海霞,邱艺
魔海霞,邱艺
mooc79680701949283370,邱艺
mooc79680701949283370,邱艺
欢微流墨,邱艺
欢微流墨,邱艺
mooc38424420216128662,邱艺
mooc38424420216128662,邱艺
马福梅,邱艺
马福梅,邱艺
巧克力女王,邱艺
小噢,邱艺
小噢,邱艺
mooc62003992301382809,邱艺
mooc62003992301382809,邱艺
毛毛酱牛肉,邱艺
毛毛酱牛肉,邱艺
mooc79315266427962560,邱艺
mooc79315266427962560,邱艺
mooc178_xox,邱艺
mooc178_xox,邱艺
求尕,邱艺
求尕,邱艺
新一街中学-李琰,邱艺
新一街中学-李琰,邱艺
挽琴相思赋,邱艺
dolphincat333,邱艺
dolphincat333,邱艺
学习到凌晨三点半,邱艺
学习到凌晨三点半,邱艺
jsnu18071063马韵婕,邱艺
jsnu18071063马韵婕,邱艺
SCNU19级钟惠文,邱艺
SCNU19级钟惠文,邱艺
17教技杨坤,邱艺
17教技杨坤,邱艺
gyj-mooc5525395569333111,邱艺
gyj-mooc5525395569333111,邱艺
SCNU19级刘颖琳,邱艺
SCNU19级刘颖琳,邱艺
mooc38708059729605243,邱艺
mooc38708059729605243,邱艺
mooc38708059729605243,邱艺
中德-徐纯,邱艺
中德-徐纯,邱艺
子灿华,邱艺
子灿华,邱艺
mooc5947779814358537,邱艺
mooc5947779814358537,邱艺
冠县甘官屯乡中心小学--付洪芳,邱艺
冠县甘官屯乡中心小学--付洪芳,邱艺
枋木,邱艺
枋木,邱艺
17教技杨坤,邱艺
17教技杨坤,邱艺
mooc53577002297540464,邱艺
mooc53577002297540464,邱艺
何鑫mooc27,邱艺
何鑫mooc27,邱艺
hy2191618375,邱艺
hy2191618375,邱艺
hy2191618375,邱艺
甘官屯乡中心小学--陈佳,邱艺
甘官屯乡中心小学--陈佳,邱艺
甘官屯乡中心小学--陈佳,邱艺
甘官屯乡中心小学--陈佳,邱艺
冠县甘官屯乡中心小学--许继革,邱艺
冠县甘官屯乡中心小学--许继革,邱艺
scnu19级蔡镇鸿,邱艺
scnu19级蔡镇鸿,邱艺
新乡市凤泉区大块第四小学申晨,邱艺
新乡市凤泉区大块第四小学申晨,邱艺
0231孔庆涛,邱艺
0231孔庆涛,邱艺
SCNU19张璐,邱艺
SCNU19张璐,邱艺
冠县甘官屯乡中心小学--许继革,邱艺
杨秀蕊,邱艺
杨秀蕊,邱艺
杨秀蕊,邱艺
杨秀蕊,邱艺
杨秀蕊,邱艺
杨秀蕊,邱艺
杨秀蕊,邱艺
杨秀蕊,邱艺
杨秀蕊,邱艺
杨秀蕊,邱艺
hahaxiao,邱艺
hahaxiao,邱艺
丰城中专魏鹏,邱艺
丰城中专魏鹏,邱艺
SCNU19韩孟羽,邱艺
mooc8741221345663930,邱艺
mooc8741221345663930,邱艺
SCNU19级张聚,邱艺
SCNU19级张聚,邱艺
SCNU19级黄嘉歆,邱艺
SCNU19级黄嘉歆,邱艺
墨色瑾年一世清欢,邱艺
墨色瑾年一世清欢,邱艺
SCNU19级杨曦,邱艺
SCNU19级杨曦,邱艺
邢文千子月,邱艺
邢文千子月,邱艺
胡玥2019,邱艺
胡玥2019,邱艺
mooc60990972095843229,邱艺
SCNU19级黄嘉华,邱艺
SCNU19级黄嘉华,邱艺
华丽转身22,邱艺
华丽转身22,邱艺
油田化学研究,邱艺
油田化学研究,邱艺
SCNU19级郭玉霞,邱艺
SCNU19级郭玉霞,邱艺
SCNU19级黎周迪,邱艺
SCNU19级黎周迪,邱艺
木子雨林,邱艺
木子雨林,邱艺
SCNU19级钟扬,邱艺
SCNU19级钟扬,邱艺
墨色瑾年一世清欢,邱艺
SCNU19级黄雅俊,邱艺
SCNU19级黄雅俊,邱艺
文月牛牛,邱艺
文月牛牛,邱艺
xueuu,邱艺
xueuu,邱艺
SCNU19级吴雅茵,邱艺
SCNU19级吴雅茵,邱艺
SCNU19级孙蔚妍,邱艺
SCNU19级孙蔚妍,邱艺
mooc河南济源五龙口镇实验小学葛亚娟,邱艺
mooc河南济源五龙口镇实验小学葛亚娟,邱艺
河南省济源市五龙口镇实验小学李迎兵,邱艺
河南省济源市五龙口镇实验小学李迎兵,邱艺
mooc5342817846038017,邱艺
denghua21,邱艺
denghua21,邱艺
UmaTang,邱艺
UmaTang,邱艺
Annmooc793,邱艺
Annmooc793,邱艺
Duanmooc78,邱艺
Duanmooc78,邱艺
啦啦啦卖报,邱艺
啦啦啦卖报,邱艺
1133王立萍,邱艺
1133王立萍,邱艺
mooc4820183708564900,邱艺
mooc4820183708564900,邱艺
梁晓杰,邱艺
SCNU19级李新伟,邱艺
SCNU19级李新伟,邱艺
桃李不言078,邱艺
桃李不言078,邱艺
mooc14256217021975105,邱艺
mooc14256217021975105,邱艺
梁岭岭,邱艺
梁岭岭,邱艺
梁岭岭,邱艺
不二biu,邱艺
不二biu,邱艺
遥远的相似性,邱艺
遥远的相似性,邱艺
Hugoykt1499243472119,邱艺
Hugoykt1499243472119,邱艺
hhtc思政2班1700010211,邱艺
hhtc思政2班1700010211,邱艺
SCNU19级邵小露,邱艺
SCNU19级邵小露,邱艺
胡英华h,邱艺
胡英华h,邱艺
一个巴黎不快乐,邱艺
一个巴黎不快乐,邱艺
一个巴黎不快乐,邱艺
天若妒我天亦可灭,邱艺
天若妒我天亦可灭,邱艺
六元M,邱艺
六元M,邱艺
李树俊,邱艺
李树俊,邱艺
小kmooc46,邱艺
小kmooc46,邱艺
xiximooc233,邱艺
xiximooc233,邱艺
CherryYeung,邱艺
CherryYeung,邱艺
mooc54353935528906350,邱艺
mooc54353935528906350,邱艺
鸥子杉,邱艺
鸥子杉,邱艺
长裙,邱艺
长裙,邱艺
Wind2004,邱艺
Wind2004,邱艺
新乡九中黄艳花,邱艺
叶云天,邱艺
叶云天,邱艺
胡瑞娟,邱艺
胡瑞娟,邱艺
江苏师范大学2020教育技术学研究生苏春雪,邱艺
江苏师范大学2020教育技术学研究生苏春雪,邱艺
嘚儿k122052575492954787,邱艺
嘚儿k122052575492954787,邱艺
泥泞留迹,邱艺
泥泞留迹,邱艺
麦郁,邱艺
麦郁,邱艺
云裳ykt1445220217920,邱艺
云裳ykt1445220217920,邱艺
谢旭双mooc,邱艺
iL姐,邱艺
iL姐,邱艺
郭敏Phoebe,邱艺
郭敏Phoebe,邱艺
小六六一六,邱艺
小六六一六,邱艺
mooc42821003602718057,邱艺
mooc42821003602718057,邱艺
楚若曦,邱艺
楚若曦,邱艺
芒果柠檬蜂蜜柚子茶123,邱艺
芒果柠檬蜂蜜柚子茶123,邱艺
染黛如歌的mooc,邱艺
染黛如歌的mooc,邱艺
mooc1488461700355,邱艺
SCNU19级王笑宸,邱艺
SCNU19级王笑宸,邱艺
李晓艳l,邱艺
李晓艳l,邱艺
多动症女孩TML,邱艺
多动症女孩TML,邱艺
晓英mooc2,邱艺
晓英mooc2,邱艺
河北旅游职业学院李桂环,邱艺
河北旅游职业学院李桂环,邱艺
凌默mooc4,邱艺
凌默mooc4,邱艺
学而思思而做,邱艺
学而思思而做,邱艺
xwenguang,邱艺
mooc1522497135083,邱艺
mooc1522497135083,邱艺
包剑舒,邱艺
包剑舒,邱艺
石静1,邱艺
石静1,邱艺
周云帆mooc,邱艺
周云帆mooc,邱艺
李娜2,邱艺
李娜2,邱艺
张宝红1,邱艺
张宝红1,邱艺
安百胜,邱艺
安百胜,邱艺
阿良Q717400,邱艺
倩妮mooc,邱艺
倩妮mooc,邱艺
ET吴镇雄,邱艺
ET吴镇雄,邱艺
余柱梅,邱艺
余柱梅,邱艺
大树的理想,邱艺
大树的理想,邱艺
烟工职院隋志远,邱艺
烟工职院隋志远,邱艺
mooc1490104874594,邱艺
mooc1490104874594,邱艺
houchenyang,邱艺
houchenyang,邱艺
孙潇楠-华南师范大学,邱艺
ykt1491625411425,邱艺
ykt1491625411425,邱艺
mooc70492424789877649,邱艺
mooc70492424789877649,邱艺
mooc70492424789877649,邱艺
mooc89215049641089700,邱艺
mooc89215049641089700,邱艺
Feroxmooc,邱艺
Feroxmooc,邱艺
赵桂莲,邱艺
赵桂莲,邱艺
womooc135,邱艺
womooc135,邱艺
耄耋之,邱艺
耄耋之,邱艺
EchoID,邱艺
EchoID,邱艺
河北旅游职业学院李桂环,邱艺
河北旅游职业学院李桂环,邱艺
Jeanmooc120,邱艺
Jeanmooc120,邱艺
梦醒修罗蓝豆豆！,邱艺
梦醒修罗蓝豆豆！,邱艺
ly303999163com,邱艺
ly303999163com,邱艺
人生若只如初见k1265624999606877495,邱艺
人生若只如初见k1265624999606877495,邱艺
陆楚雅,邱艺
陆楚雅,邱艺
a邓红蕊,邱艺
mooc69983268037274106,邱艺
mooc69983268037274106,邱艺
吉林长春孙小美,邱艺
吉林长春孙小美,邱艺
mooc1535898203030,邱艺
mooc1535898203030,邱艺
Fadingwyy,邱艺
Fadingwyy,邱艺
是穆清啊,邱艺
是穆清啊,邱艺
医学院弦乐,邱艺
医学院弦乐,邱艺
SCNU19级展鲲,邱艺
SCNU19级展鲲,邱艺
mooc38597834573895626,邱艺
Dreammooc838,邱艺
Dreammooc838,邱艺
mooc1535940404835王仁飞,邱艺
mooc1535940404835王仁飞,邱艺
SCNU19级班华婷,邱艺
SCNU19级班华婷,邱艺
SCNU19级陈书芳,邱艺
SCNU19级陈书芳,邱艺
溪流过后,邱艺
溪流过后,邱艺
杨春然,邱艺
杨春然,邱艺
charmpin,邱艺
charmpin,邱艺
芒顿小镇,邱艺
马福梅,邱艺
马福梅,邱艺
马秋芳,邱艺
马秋芳,邱艺
Drmooc361,邱艺
Drmooc361,邱艺
河师数媒17-黄志敏-013,邱艺
河师数媒17-黄志敏-013,邱艺
巧克力女王,邱艺
巧克力女王,邱艺
fuwau-ka,邱艺
fuwau-ka,邱艺
2204大白,邱艺
2204大白,邱艺
竹夭妖,邱艺
mooc178_xox,邱艺
mooc178_xox,邱艺
向日葵芦茂原,邱艺
向日葵芦茂原,邱艺
mooc839963428854719,邱艺
mooc839963428854719,邱艺
王小慧-Sherry,邱艺
王小慧-Sherry,邱艺
201824601024,邱艺
201824601024,邱艺
求尕,邱艺
求尕,邱艺
mooc62003992301382809,邱艺
mooc62003992301382809,邱艺
新一街中学-李琰,邱艺
0空间mooc1,邱艺
0空间mooc1,邱艺
dolphincat333,邱艺
dolphincat333,邱艺
Ailsa0814,邱艺
Ailsa0814,邱艺
ykt1512954962545,邱艺
SCNU19级郝晓敏,邱艺
SCNU19级郝晓敏,邱艺
显示一直在线,邱艺
显示一直在线,邱艺
SCNU19级钟惠文,邱艺
SCNU19级钟惠文,邱艺
gyj-mooc5525395569333111,邱艺
gyj-mooc5525395569333111,邱艺
中德-徐纯,邱艺
中德-徐纯,邱艺
子灿华,邱艺
子灿华,邱艺
mooc8356944105448909,邱艺
mooc8356944105448909,邱艺
mooc1470273926749,邱艺
mooc5947779814358537,邱艺
mooc5947779814358537,邱艺
冠县甘官屯乡中心小学--付洪芳,邱艺
冠县甘官屯乡中心小学--付洪芳,邱艺
子时mooc50,邱艺
子时mooc50,邱艺
枋木,邱艺
枋木,邱艺
何鑫mooc27,邱艺
何鑫mooc27,邱艺
hy2191618375,邱艺
hy2191618375,邱艺
连寨小学万红,邱艺
连寨小学万红,邱艺
蹲在角落畵圈圈,邱艺
0231孔庆涛,邱艺
0231孔庆涛,邱艺
SCNU19张璐,邱艺
SCNU19张璐,邱艺
冠县甘官屯乡中心小学-邢俊秀,邱艺
冠县甘官屯乡中心小学-邢俊秀,邱艺
杨秀蕊,邱艺
杨秀蕊,邱艺
杨秀蕊,邱艺
杨秀蕊,邱艺
杨秀蕊,邱艺
丰城中专魏鹏,邱艺
丰城中专魏鹏,邱艺
SCNU19韩孟羽,邱艺
SCNU19韩孟羽,邱艺
墨色瑾年一世清欢,邱艺
墨色瑾年一世清欢,邱艺
mooc60990972095843229,邱艺
mooc60990972095843229,邱艺
冰冻之心菲,邱艺
冰冻之心菲,邱艺
0905-程相杰,邱艺
0905-程相杰,邱艺
段贤梅mooc,邱艺
段贤梅mooc,邱艺
mooc1559202638647216,邱艺
mooc1559202638647216,邱艺
余柱梅,邱艺
余柱梅,邱艺
ddjj1997,邱艺
SCNU19级郝晓敏,邱艺
SCNU19级郝晓敏,邱艺
mooc10807663542976178,邱艺
mooc10807663542976178,邱艺
mooc81753256574727344,邱艺
mooc81753256574727344,邱艺
SCNU19级冯冠朝,邱艺
SCNU19级冯冠朝,邱艺
a关老师化学,邱艺
a关老师化学,邱艺
O型血蚊子,邱艺
O型血蚊子,邱艺
17秘书本0134叶晓梅,邱艺
17秘书本0134叶晓梅,邱艺
mooc54438806881273604,邱艺
mooc河南济源五龙口镇实验小学葛亚娟,邱艺
mooc河南济源五龙口镇实验小学葛亚娟,邱艺
河南省济源市五龙口镇实验小学李迎兵,邱艺
河南省济源市五龙口镇实验小学李迎兵,邱艺
mooc5342817846038017,邱艺
mooc5342817846038017,邱艺
SCNU19王星楠,邱艺
SCNU19王星楠,邱艺
SCNU19级李晓莉,邱艺
SCNU19级李晓莉,邱艺
胡歆珮,邱艺
胡歆珮,邱艺
疯狂之人mooc100736617658499032,邱艺
疯狂之人mooc100736617658499032,邱艺
左茂红,邱艺
1133王立萍,邱艺
1133王立萍,邱艺
教技张琪,邱艺
教技张琪,邱艺
梁晓杰,邱艺
梁晓杰,邱艺
梁晓杰,邱艺
鲁晓燕额,邱艺
鲁晓燕额,邱艺
张雪洁zxj,邱艺
张雪洁zxj,邱艺
mooc5089101285081727,邱艺
mooc5089101285081727,邱艺
huqiaohui,邱艺
huqiaohui,邱艺
不二biu,邱艺
不二biu,邱艺
遥远的相似性,邱艺
遥远的相似性,邱艺
Hugoykt1499243472119,邱艺
Hugoykt1499243472119,邱艺
杜习勇,邱艺
杜习勇,邱艺
?????,邱艺
?????,邱艺
繁华落尽我许你一抹红颜,邱艺
繁华落尽我许你一抹红颜,邱艺
ascherrygirl,邱艺
ascherrygirl,邱艺
刘瑞启,邱艺
胡英华h,邱艺
胡英华h,邱艺
一个巴黎不快乐,邱艺
一个巴黎不快乐,邱艺
天若妒我天亦可灭,邱艺
天若妒我天亦可灭,邱艺
六元M,邱艺
六元M,邱艺
李树俊,邱艺
李树俊,邱艺
抆,邱艺
抆,邱艺
mooc954379974202219,邱艺
mooc954379974202219,邱艺
王怡文1,邱艺
梁锦红,邱艺
梁锦红,邱艺
mooc54353935528906350,邱艺
mooc54353935528906350,邱艺
mooc54353935528906350,邱艺
鸥子杉,邱艺
鸥子杉,邱艺
长裙,邱艺
长裙,邱艺
Wind2004,邱艺
Wind2004,邱艺
新乡九中黄艳花,邱艺
新乡九中黄艳花,邱艺
yqrboa,邱艺
yqrboa,邱艺
叶云天,邱艺
叶云天,邱艺
胡瑞娟,邱艺
胡瑞娟,邱艺
江苏师范大学2020教育技术学研究生苏春雪,邱艺
江苏师范大学2020教育技术学研究生苏春雪,邱艺
嘚儿k122052575492954787,邱艺
嘚儿k122052575492954787,邱艺
泥泞留迹,邱艺
泥泞留迹,邱艺
麦郁,邱艺
麦郁,邱艺
云裳ykt1445220217920,邱艺
云裳ykt1445220217920,邱艺
谢旭双mooc,邱艺
iL姐,邱艺
iL姐,邱艺
郭敏Phoebe,邱艺
郭敏Phoebe,邱艺
夜芭mooc,邱艺
夜芭mooc,邱艺
mooc42821003602718057,邱艺
mooc42821003602718057,邱艺
楚若曦,邱艺
楚若曦,邱艺
蓝色Pepsi,邱艺
蓝色Pepsi,邱艺
芒果柠檬蜂蜜柚子茶123,邱艺
芒果柠檬蜂蜜柚子茶123,邱艺
染黛如歌的mooc,邱艺
约定mooc37,邱艺
约定mooc37,邱艺
szs妞妞李小宇,邱艺
szs妞妞李小宇,邱艺
Whomooc111,邱艺
Whomooc111,邱艺
王旭芳1,邱艺
王旭芳1,邱艺
SCNU19级王笑宸,邱艺
SCNU19级王笑宸,邱艺
李晓艳l,邱艺
李晓艳l,邱艺
晓英mooc2,邱艺
晓英mooc2,邱艺
河北旅游职业学院李桂环,邱艺
酸枣mooc1,邱艺
酸枣mooc1,邱艺
sunm123,邱艺
sunm123,邱艺
mooc1522497135083,邱艺
mooc1522497135083,邱艺
包剑舒,邱艺
包剑舒,邱艺
石静1,邱艺
石静1,邱艺
周云帆mooc,邱艺
周云帆mooc,邱艺
李娜2,邱艺
李娜2,邱艺
张宝红1,邱艺
SCNU19级刘颖琳,邱艺
SCNU19级刘颖琳,邱艺
唐远萍,邱艺
唐远萍,邱艺
PaNgMU,邱艺
PaNgMU,邱艺
爱吃火锅的老神仙,邱艺
爱吃火锅的老神仙,邱艺
倩妮mooc,邱艺
倩妮mooc,邱艺
大树的理想,邱艺
大树的理想,邱艺
ET吴镇雄,邱艺
ET吴镇雄,邱艺
烟工职院隋志远,邱艺
素心mooc44,邱艺
素心mooc44,邱艺
SCNU19韩孟羽,邱艺
SCNU19韩孟羽,邱艺
上街实验初级中学孙志民,邱艺
上街实验初级中学孙志民,邱艺
mooc38443886441407675,邱艺
mooc38443886441407675,邱艺
大竹火,邱艺
大竹火,邱艺
ykt1491625411425,邱艺
ykt1491625411425,邱艺
mooc70492424789877649,邱艺
mooc70492424789877649,邱艺
mooc89215049641089700,邱艺
寻见201907,邱艺
寻见201907,邱艺
凌默mooc4,邱艺
凌默mooc4,邱艺
mooc79680420563795712,邱艺
mooc79680420563795712,邱艺
chl6509,邱艺
chl6509,邱艺
山顶眺望的旅者,邱艺
山顶眺望的旅者,邱艺
EchoID,邱艺
EchoID,邱艺
河北旅游职业学院李桂环,邱艺
河北旅游职业学院李桂环,邱艺
Jeanmooc120,邱艺
Miamooc491,邱艺
Miamooc491,邱艺
女孩简单,邱艺
女孩简单,邱艺
生卓1701谢庆余,邱艺
生卓1701谢庆余,邱艺
徐延红,邱艺
徐延红,邱艺
FERC黄何-华南师大,邱艺
FERC黄何-华南师大,邱艺
毛毛酱牛肉,邱艺
毛毛酱牛肉,邱艺
mooc69983268037274106,邱艺
mooc69983268037274106,邱艺
吉林长春孙小美,邱艺
SCNU19级展鲲,邱艺
SCNU19级展鲲,邱艺
mooc38597834573895626,邱艺
mooc38597834573895626,邱艺
爱学习的ll,邱艺
爱学习的ll,邱艺
我对于你,邱艺
我对于你,邱艺
皮卡皮卡wu,邱艺
皮卡皮卡wu,邱艺
咖啡mooc707,邱艺
咖啡mooc707,邱艺
mooc1222132039547022,邱艺
mooc1222132039547022,邱艺
HBU01P20170704008,邱艺
杨春然,邱艺
杨春然,邱艺
赵桂莲,邱艺
赵桂莲,邱艺
林夕mooc307,邱艺
林夕mooc307,邱艺
魔海霞,邱艺
魔海霞,邱艺
mooc79680701949283370,邱艺
mooc79680701949283370,邱艺
mooc38424420216128662,邱艺
mooc38424420216128662,邱艺
欢微流墨,邱艺
欢微流墨,邱艺
Drmooc361,邱艺
竹夭妖,邱艺
竹夭妖,邱艺
mooc70205260884726223,邱艺
mooc70205260884726223,邱艺
小庞儿,邱艺
小庞儿,邱艺
狂怒mooc1,邱艺
狂怒mooc1,邱艺
维木子mooc,邱艺
维木子mooc,邱艺
mooc423843443930421,邱艺
mooc423843443930421,邱艺
道聚,邱艺
道聚,邱艺
WL_wl_,邱艺
201824601024,邱艺
201824601024,邱艺
求尕,邱艺
求尕,邱艺
马福梅,邱艺
马福梅,邱艺
粉尖尖,邱艺
粉尖尖,邱艺
mooc62003992301382809,邱艺
mooc62003992301382809,邱艺
新一街中学-李琰,邱艺
新一街中学-李琰,邱艺
刘莹mooc38,邱艺
刘莹mooc38,邱艺
antonia999,邱艺
Ailsa0814,邱艺
Ailsa0814,邱艺
ykt1512954962545,邱艺
ykt1512954962545,邱艺
学习到凌晨三点半,邱艺
学习到凌晨三点半,邱艺
jsnu18071063马韵婕,邱艺
jsnu18071063马韵婕,邱艺
新乡凤泉郭柳小学张素芬,邱艺
新乡凤泉郭柳小学张素芬,邱艺
SCNU19级郝晓敏,邱艺
SCNU19级郝晓敏,邱艺
SCNU19级钟惠文,邱艺
SCNU19级钟惠文,邱艺
安百胜,邱艺
安百胜,邱艺
安百胜,邱艺
中德-徐纯,邱艺
中德-徐纯,邱艺
mooc1470273926749,邱艺
mooc1470273926749,邱艺
是穆清啊,邱艺
是穆清啊,邱艺
0294章海宁,邱艺
0294章海宁,邱艺
何鑫mooc27,邱艺
何鑫mooc27,邱艺
杨秋霜霜,邱艺
杨秋霜霜,邱艺
杨秋霜霜,邱艺
hy2191618375,邱艺
hy2191618375,邱艺
连寨小学万红,邱艺
连寨小学万红,邱艺
蹲在角落畵圈圈,邱艺
蹲在角落畵圈圈,邱艺
SCNU19王星楠,邱艺
SCNU19王星楠,邱艺
单雨秋,邱艺
单雨秋,邱艺
SCNU19张璐,邱艺
SCNU19张璐,邱艺
冠县甘官屯乡中心小学-邢俊秀,邱艺
冠县甘官屯乡中心小学-邢俊秀,邱艺
SCNU19级展鲲,邱艺
SCNU19级展鲲,邱艺
杨秀蕊,邱艺
杨秀蕊,邱艺
杨秀蕊,邱艺
丰城中专魏鹏,邱艺
丰城中专魏鹏,邱艺
SCNU19韩孟羽,邱艺
SCNU19韩孟羽,邱艺
戴mooc102,邱艺
戴mooc102,邱艺
李铭1715060108,邱艺
李铭1715060108,邱艺
冰冻之心菲,邱艺
冰冻之心菲,邱艺
0905-程相杰,邱艺
0905-程相杰,邱艺
左茂红,邱艺
左茂红,邱艺
左茂红,邱艺
段贤梅mooc,邱艺
段贤梅mooc,邱艺
庄雨婷,邱艺
庄雨婷,邱艺
mooc1536722001234,邱艺
mooc1536722001234,邱艺
SCNU19级黎周迪,邱艺
SCNU19级黎周迪,邱艺
SCNU19级钟扬,邱艺
SCNU19级钟扬,邱艺
墨色瑾年一世清欢,邱艺
墨色瑾年一世清欢,邱艺
SCNU19级郝晓敏,邱艺
SCNU19级郝晓敏,邱艺
SCNU19级冯冠朝,邱艺
SCNU19级冯冠朝,邱艺
a关老师化学,邱艺
a关老师化学,邱艺
mooc54438806881273604,邱艺
mooc54438806881273604,邱艺
mooc70495562977183488,邱艺
SCNU19级孙蔚妍,邱艺
SCNU19级孙蔚妍,邱艺
mooc河南济源五龙口镇实验小学葛亚娟,邱艺
mooc河南济源五龙口镇实验小学葛亚娟,邱艺
白玉华mooc,邱艺
白玉华mooc,邱艺
河南省济源市五龙口镇实验小学李迎兵,邱艺
河南省济源市五龙口镇实验小学李迎兵,邱艺
IUJIA,邱艺
IUJIA,邱艺
mooc5342817846038017,邱艺
mooc5342817846038017,邱艺
SCNU19王星楠,邱艺
SCNU19王星楠,邱艺
SCNU19级李晓莉,邱艺
1133王立萍,邱艺
1133王立萍,邱艺
教技张琪,邱艺
教技张琪,邱艺
梁晓杰,邱艺
梁晓杰,邱艺
梁晓杰,邱艺
鲁晓燕额,邱艺
鲁晓燕额,邱艺
西北小江南,邱艺
西北小江南,邱艺
张雪洁zxj,邱艺
张雪洁zxj,邱艺
huqiaohui,邱艺
huqiaohui,邱艺
杜习勇,邱艺
杜习勇,邱艺
lyljiaoyuxuelu163com,邱艺
lyljiaoyuxuelu163com,邱艺
?????,邱艺
?????,邱艺
浮生k122082020101857751,邱艺
浮生k122082020101857751,邱艺
ascherrygirl,邱艺
ascherrygirl,邱艺
刘瑞启,邱艺
刘瑞启,邱艺
15-陈全,邱艺
15-陈全,邱艺
SCNU19级朱冬晓,邱艺
勤源,邱艺
勤源,邱艺
抆,邱艺
抆,邱艺
mooc954379974202219,邱艺
mooc954379974202219,邱艺
mooc71765319514188291,邱艺
mooc71765319514188291,邱艺
ykt1484118009745,邱艺
ykt1484118009745,邱艺
踏雪荨木,邱艺
踏雪荨木,邱艺
郭冬梅mooc,邱艺
郭冬梅mooc,邱艺
段姣mooc,邱艺
新乡九中黄艳花,邱艺
新乡九中黄艳花,邱艺
yqrboa,邱艺
yqrboa,邱艺
mooc墨君,邱艺
mooc墨君,邱艺
SCNU19级张聚,邱艺
SCNU19级张聚,邱艺
mooc1397502758541633,邱艺
mooc1397502758541633,邱艺
施莹莹快去学习呀,邱艺
施莹莹快去学习呀,邱艺
随心随,邱艺
随心随,邱艺
SCNU19级韩璐,邱艺
戴mooc102,邱艺
戴mooc102,邱艺
泥泞留迹,邱艺
泥泞留迹,邱艺
麦郁,邱艺
麦郁,邱艺
SCNU19级李晓莉,邱艺
SCNU19级李晓莉,邱艺
云裳ykt1445220217920,邱艺
云裳ykt1445220217920,邱艺
谢旭双mooc,邱艺
谢旭双mooc,邱艺
张彦伟张彦伟,邱艺
张彦伟张彦伟,邱艺
江苏师大21级教育技术学研究生张诗敏,邱艺
夜芭mooc,邱艺
夜芭mooc,邱艺
mooc91840948192127672,邱艺
mooc91840948192127672,邱艺
mooc42821003602718057,邱艺
mooc42821003602718057,邱艺
楚若曦,邱艺
楚若曦,邱艺
蓝色Pepsi,邱艺
蓝色Pepsi,邱艺
芒果柠檬蜂蜜柚子茶123,邱艺
芒果柠檬蜂蜜柚子茶123,邱艺
染黛如歌的mooc,邱艺
染黛如歌的mooc,邱艺
mooc1488461700355,邱艺
mooc1622740929214203,邱艺
mooc1622740929214203,邱艺
约定mooc37,邱艺
约定mooc37,邱艺
szs妞妞李小宇,邱艺
szs妞妞李小宇,邱艺
王旭芳1,邱艺
王旭芳1,邱艺
明月松间mooc1,邱艺
明月松间mooc1,邱艺
李晓艳l,邱艺
李晓艳l,邱艺
SCNU19级王笑宸,邱艺
SCNU19级王笑宸,邱艺
李晓艳l,邱艺
风乎舞雩ray,邱艺
风乎舞雩ray,邱艺
念mooc544,邱艺
念mooc544,邱艺
酸枣mooc1,邱艺
酸枣mooc1,邱艺
sunm123,邱艺
sunm123,邱艺
mooc1522497135083,邱艺
mooc1522497135083,邱艺
包剑舒,邱艺
包剑舒,邱艺
石静1,邱艺
石静1,邱艺
周云帆mooc,邱艺
遥远的相似性,邱艺
遥远的相似性,邱艺
mooc1886057588605195,邱艺
mooc1886057588605195,邱艺
杨春然,邱艺
杨春然,邱艺
SCNU19级刘颖琳,邱艺
SCNU19级刘颖琳,邱艺
唐远萍,邱艺
唐远萍,邱艺
PaNgMU,邱艺
PaNgMU,邱艺
爱吃火锅的老神仙,邱艺
爱吃火锅的老神仙,邱艺
倩妮mooc,邱艺
影子rose,邱艺
影子rose,邱艺
ET吴镇雄,邱艺
ET吴镇雄,邱艺
章丽mooc6,邱艺
章丽mooc6,邱艺
SCNU19韩孟羽,邱艺
SCNU19韩孟羽,邱艺
愉快入眠嘻嘻嘻,邱艺
愉快入眠嘻嘻嘻,邱艺
mooc38443886441407675,邱艺
mooc38443886441407675,邱艺
大竹火,邱艺
大竹火,邱艺
ykt1491625411425,邱艺
酷MA萌小李,邱艺
酷MA萌小李,邱艺
酷MA萌小李,邱艺
mooc1644026522605136,邱艺
mooc1644026522605136,邱艺
耄耋之,邱艺
耄耋之,邱艺
前桌xlg,邱艺
前桌xlg,邱艺
涓涓06,邱艺
涓涓06,邱艺
凌默mooc4,邱艺
凌默mooc4,邱艺
mooc70152957706521893,邱艺
mooc70152957706521893,邱艺
梦醒修罗蓝豆豆！,邱艺
梦醒修罗蓝豆豆！,邱艺
安百胜,邱艺
安百胜,邱艺
ly303999163com,邱艺
ly303999163com,邱艺
人生若只如初见k1265624999606877495,邱艺
人生若只如初见k1265624999606877495,邱艺
陆楚雅,邱艺
陆楚雅,邱艺
a邓红蕊,邱艺
a邓红蕊,邱艺
小弧段,邱艺
小弧段,邱艺
三年后在战,邱艺
吉林长春孙小美,邱艺
吉林长春孙小美,邱艺
mooc1535898203030,邱艺
mooc1535898203030,邱艺
silhouettemooc92,邱艺
silhouettemooc92,邱艺
Fadingwyy,邱艺
Fadingwyy,邱艺
白mooc768,邱艺
白mooc768,邱艺
是穆清啊,邱艺
是穆清啊,邱艺
医学院弦乐,邱艺
医学院弦乐,邱艺
SCNU19级展鲲,邱艺
友人Aykt1512954880095,邱艺
友人Aykt1512954880095,邱艺
壮改措,邱艺
壮改措,邱艺
Dreammooc838,邱艺
Dreammooc838,邱艺
mooc1535940404835王仁飞,邱艺
mooc1535940404835王仁飞,邱艺
SCNU19级班华婷,邱艺
SCNU19级班华婷,邱艺
SCNU19级陈书芳,邱艺
SCNU19级陈书芳,邱艺
溪流过后,邱艺
溪流过后,邱艺
杨春然,邱艺
captaineroe163com,邱艺
captaineroe163com,邱艺
欢微流墨,邱艺
欢微流墨,邱艺
魔海霞,邱艺
魔海霞,邱艺
欢微流墨,邱艺
欢微流墨,邱艺
皮卡皮卡wu,邱艺
皮卡皮卡wu,邱艺
Drmooc361,邱艺
Drmooc361,邱艺
马秋芳,邱艺
马秋芳,邱艺
河师数媒17-黄志敏-013,邱艺
mooc47140062207774965,邱艺
mooc47140062207774965,邱艺
竹夭妖,邱艺
竹夭妖,邱艺
mooc70205260884726223,邱艺
mooc70205260884726223,邱艺
小庞儿,邱艺
小庞儿,邱艺
urejursws,邱艺
urejursws,邱艺
维木子mooc,邱艺
维木子mooc,邱艺
喵喵喵加油鸭,邱艺
喵喵喵加油鸭,邱艺
哆咪mooc4,邱艺
201824601024,邱艺
201824601024,邱艺
求尕,邱艺
求尕,邱艺
马福梅,邱艺
马福梅,邱艺
粉尖尖,邱艺
粉尖尖,邱艺
mooc62003992301382809,邱艺
mooc62003992301382809,邱艺
mooc62003992301382809,邱艺
新一街中学-李琰,邱艺
新一街中学-李琰,邱艺
antonia999,邱艺
antonia999,邱艺
ykt1512954962545,邱艺
ykt1512954962545,邱艺
学习到凌晨三点半,邱艺
学习到凌晨三点半,邱艺
Capricornmooc18,邱艺
Capricornmooc18,邱艺
新乡凤泉郭柳小学张素芬,邱艺
新乡凤泉郭柳小学张素芬,邱艺
芳芳k1238691930994392463,邱艺
樱桃小新新,方丽莉
经常过来学习,方丽莉
樱桃小新新,丰城中专魏鹏
樱桃小新新,墨色瑾年一世清欢
樱桃小新新,樱桃小新新
Scnu19级赵文强,EchoID
EchoID,mooc89215049641089700
Scnu19级赵文强,陶孟玲
mooc8356944105448909,泥泞留迹
赵桂莲,SCNU19级姚晓
赵桂莲,梁锦红
显示一直在线,mooc70156490244977667
EchoID,琉璃那么伤
林夕mooc307,琉璃那么伤
mooc8356944105448909,Annmooc793
显示一直在线,李铭1715060108
scnu19级蔡镇鸿,EchoID
mooc8356944105448909,丰城中专魏鹏
左茂红,刚刚好mooc260
郭敏Phoebe,新乡凤泉郭柳小学张素芬
郭敏Phoebe,新乡凤泉郭柳小学张素芬
mooc8356944105448909,丰城中专魏鹏
何鑫mooc27,单雨秋
显示一直在线,?????
mooc8356944105448909,SCNU19级陈书芳
scnu19级蔡镇鸿,天若妒我天亦可灭
经常过来学习,琉璃那么伤
何鑫mooc27,段姣mooc
mooc8356944105448909,医学院弦乐
连寨小学万红,0710李欢
Scnu19级赵文强,FERC黄何-华南师大
SCNU19级展鲲,新一街中学-李琰
SCNU19级展鲲,唐远萍
mooc8356944105448909,女孩简单
FERC黄何-华南师大,柠檬心mooc24
FERC黄何-华南师大,柠檬心mooc24
mooc8356944105448909,SCNU19王星楠
赵桂莲,SCNU19级陈书芳
赵桂莲,甘官屯乡中心小学--陈佳
scnu19级蔡镇鸿,xiximooc233
酷MA萌小李,?????
mooc8356944105448909,小金贝贝
Scnu19级赵文强,SCNU19级张聚
Scnu19级赵文强,SCNU19级钟扬
EchoID,SCNU19级孙蔚妍
显示一直在线,胡英华h
mooc8356944105448909,小金贝贝
显示一直在线,柚子mooc948
樱桃小新新,江苏师大21级教育技术学研究生张诗敏
新乡九中黄艳花,SCNU19级黎周迪
scnu19级蔡镇鸿,袁玉枝
蹲在角落畵圈圈,Hugoykt1499243472119
scnu19级蔡镇鸿,钟嵘zr
mooc8356944105448909,SCNU19级陈晓彤
mooc8356944105448909,女孩简单
FERC黄何-华南师大,胡瑞娟
柚子mooc948,江苏师大21级教育技术学研究生张诗敏
显示一直在线,墨色瑾年一世清欢
0905-程相杰,刘莹mooc38
柚子mooc948,鲁晓燕额
mooc8356944105448909,Scnu19级赵文强
显示一直在线,mooc38597834573895626
经常过来学习,SCNU19级冯冠朝
谢旭双mooc,SCNU19级冯冠朝
蹲在角落畵圈圈,寻见201907
mooc8356944105448909,墨色瑾年一世清欢
Scnu19级赵文强,SCNU19级陈书芳
显示一直在线,SCNU19级陈书芳
mooc38597834573895626,SCNU19级陈书芳
Scnu19级赵文强,Scnu19级赵文强
浮生k122082020101857751,浮生k122082020101857751
ET吴镇雄,制芨荷以为衣兮
豌豆荚mooc3,张彦伟张彦伟
赵桂莲,SCNU19级黄嘉歆
Scnu19级赵文强,河师大实验中学李艳玲
赵桂莲,河师大实验中学李艳玲
赵桂莲,SCNU19现教朱君辉
赵桂莲,SCNU19现教朱君辉
Scnu19级赵文强,SCNU19级郭玉霞
mooc8356944105448909,訫渓
Scnu19级赵文强,SCNU19级钟扬
浮生k122082020101857751,0空间mooc1
黄文娟mooc102,江苏师大21级教育技术学研究生张诗敏
江苏师大21级教育技术学研究生张诗敏,江苏师大21级教育技术学研究生张诗敏
樱桃小新新,mooc1488461700355
ET吴镇雄,井中月moerhu
ET吴镇雄,井中月moerhu
ET吴镇雄,aqiuyang
显示一直在线,mooc53577002297540464
mooc8356944105448909,王怡文1
浮生k122082020101857751,我对于你
张振艳,我对于你
胡瑞娟,0空间mooc1
ET吴镇雄,溪流过后
ET吴镇雄,Lifetimeykt1522750686111
mooc8356944105448909,SCNU19级姚晓
0905-程相杰,SCNU19现教朱君辉
浮生k122082020101857751,我对于你
胡瑞娟,SCNU19级韩璐
EchoID,mooc38597834573895626
mooc8356944105448909,gyj-mooc5525395569333111
scnu19级蔡镇鸿,胡瑞娟
SCNU19级展鲲,SCNU19级姚晓
SCNU19级展鲲,SCNU19级杨曦
浮生k122082020101857751,胡英华h
蹲在角落畵圈圈,SCNU19级王笑宸
蹲在角落畵圈圈,赵桂莲
新一街中学-李琰,mooc1522497135083
黄瑜玲,郭敏Phoebe
黄瑜玲,?????
sunm123,?????
黄瑜玲,正在缓冲99mooc211
黄瑜玲,正在缓冲99mooc211
黄瑜玲,陶孟玲
谢旭双mooc,银周措
SCNU19级展鲲,SCNU19现教朱君辉
SCNU19级展鲲,qianqiandexiao2427
梁晓杰,张彦伟张彦伟
浮生k122082020101857751,谢旭双mooc
胡瑞娟,张呆呆1007
经常过来学习,mooc19850208
林夕mooc307,前桌xlg
mooc14256217021975105,mooc38443886441407675
鸥子杉,酸枣mooc1
鸥子杉,酸枣mooc1
马秋芳,爱吃火锅的老神仙
mooc鞍山新叔,17教技杨坤
mooc8356944105448909,0294章海宁
方丽莉,念mooc544
胡瑞娟,新乡九中黄艳花
胡瑞娟,新乡九中黄艳花
邱艺,ykt1491625411425
烟工职院隋志远,沐曦之星
EchoID,凌默mooc4
陆楚雅,生卓1701谢庆余
Lifetimeykt1522750686111,mooc178_xox
小庞儿,mooc178_xox
mooc79680420563795712,mooc178_xox
竹夭妖,求尕
Lifetimeykt1522750686111,新一街中学-李琰
mooc8356944105448909,mooc38708059729605243
文思123,mooc4820183708564900
mooc79680420563795712,耄耋之
EchoID,EchoID
Lifetimeykt1522750686111,ykt1512954962545
FERC黄何-华南师大,丰城中专魏鹏
女孩简单,长裙
mooc墨宇,Whomooc111
多动症女孩TML,王旭芳1
mooc墨宇,sunm123
mooc墨宇,mooc1522497135083
鸥子杉,段姣mooc
胡瑞娟,随心随
泥泞留迹,泥泞留迹
郭敏Phoebe,SCNU19级李晓莉
蹲在角落畵圈圈,染黛如歌的mooc
mooc8356944105448909,染黛如歌的mooc
mooc79680420563795712,前桌xlg
EchoID,凌默mooc4
Lifetimeykt1522750686111,mooc62003992301382809
高国欣,芳芳k1238691930994392463
mooc1489114589944,芳芳k1238691930994392463
